station_name,1R,1K,1DK,1LDK,2K,2DK,2LDK,3K,3DK,3LDK,4K,4DK,pref_cd,lon,lat,travel_time_train,travel_time_bicycle
東京,,9.98,15.65,20.4,,,,,,,,,13.0,139.76610300000002,35.681391,18,27
有楽町,,11.0,,,,,,,,,,,13.0,139.76380600000002,35.675441,15,27
新橋,12.28,11.5,14.99,23.74,,,30.97,,,,,,13.0,139.758587,35.666195,15,30
浜松町,12.57,11.14,15.89,20.82,,22.0,35.26,,,33.18,,,13.0,139.757135,35.65539099999999,19,27
田町,11.67,10.25,14.27,20.99,,,27.73,,,38.13,,,13.0,139.747575,35.645736,17,22
高輪ゲートウェイ,11.99,10.67,14.58,22.68,,,24.37,,,,,,13.0,139.7407,35.6355,15,20
品川,9.83,9.74,,21.5,,,34.87,,,34.52,,,13.0,139.738999,35.62876,13,23
大崎,9.69,9.57,11.62,18.67,,12.61,25.14,,,,,,13.0,139.72843899999998,35.619772,7,23
五反田,11.02,9.46,13.29,18.1,13.0,12.52,24.16,,,,,,13.0,139.72382199999998,35.625974,7,16
目黒,11.97,11.04,12.92,20.82,11.06,,32.12,,,35.99,,,13.0,139.715775,35.633923,5,11
恵比寿,12.33,11.41,15.24,23.97,14.12,23.39,33.22,,,55.18,,,13.0,139.71007,35.646685,2,4
渋谷,12.21,11.61,17.54,27.35,18.58,,45.85,,,48.65,,,13.0,139.701238,35.65887100000001,9999,9999
原宿,10.72,12.31,14.94,24.65,,,56.36,,,81.08,,,13.0,139.70259199999998,35.67064600000001,2,7
代々木,10.83,10.51,12.73,20.09,,,29.24,,,37.4,,,13.0,139.702042,35.683061,5,12
新宿,9.53,11.49,13.04,19.88,,,27.79,,,,,,13.0,139.70046399999998,35.689729,5,14
新大久保,7.96,8.73,11.34,15.54,11.8,,,,,,,,13.0,139.700261,35.700875,9,24
高田馬場,8.0,9.89,11.62,16.87,,12.97,23.71,,,23.33,,,13.0,139.703715,35.712677,11,26
目白,8.02,9.37,11.81,15.94,,,20.68,,,23.48,,,13.0,139.706228,35.720476,13,33
池袋,8.38,9.06,12.68,16.2,12.34,13.28,23.78,,,33.34,,,13.0,139.71108600000002,35.730256,10,33
大塚,8.05,8.72,10.77,14.29,10.35,11.43,19.75,,,,,,13.0,139.728584,35.731412,18,41
巣鴨,8.07,9.33,10.44,15.35,10.18,12.13,19.78,14.25,,,,,13.0,139.739303,35.733445,20,47
駒込,8.07,9.24,10.49,15.48,10.27,13.29,20.6,,,,,,13.0,139.748053,35.736825,21,50
田端,7.88,8.85,9.01,12.74,9.01,11.27,16.91,,28.2,,,,13.0,139.761229,35.737781,24,55
西日暮里,7.57,8.52,9.94,14.59,8.7,10.9,20.19,,,21.88,,,13.0,139.76685700000002,35.73195399999999,26,52
日暮里,7.8,8.44,9.68,13.38,10.31,10.82,20.38,,,25.0,,,13.0,139.771287,35.727908,27,51
鶯谷,7.55,9.59,10.05,15.11,8.35,11.38,16.12,,,27.48,,,13.0,139.77801499999998,35.72148400000001,29,49
上野,9.39,10.21,13.08,16.2,,,20.97,,,22.55,,,13.0,139.777043,35.71379,30,45
御徒町,8.91,10.1,13.36,16.49,10.36,,23.52,,,23.5,,,13.0,139.774727,35.707282,28,43
秋葉原,10.12,10.23,14.98,17.22,13.6,18.51,24.29,,,,,,13.0,139.77328799999998,35.698619,23,39
神田,11.06,9.89,14.56,16.55,,,24.35,,21.0,,,,13.0,139.77064099999998,35.691173,23,37
大宮,6.55,6.96,8.81,11.95,,8.74,16.98,,,17.33,,,11.0,139.62405,35.906439,37,124
さいたま新都心,,6.99,8.2,9.39,,7.58,13.49,,,17.02,,,11.0,139.633587,35.893867,37,121
与野,5.58,6.03,,11.07,,7.34,12.61,,,13.98,,,11.0,139.63908500000002,35.884393,41,115
北浦和,6.37,6.08,7.62,10.78,,7.57,10.84,,10.23,15.76,,,11.0,139.645951,35.872053,39,108
浦和,5.88,6.91,,12.7,8.11,7.24,13.37,,,17.76,,,11.0,139.65710900000002,35.858496,33,104
南浦和,6.13,6.72,6.23,11.92,5.73,8.6,11.77,,9.61,13.61,,,11.0,139.669125,35.847648,35,96
蕨,5.56,6.18,,10.69,,7.68,11.88,,10.48,,,,11.0,139.690357,35.827959,31,91
西川口,5.56,7.29,8.79,8.7,7.69,8.01,10.47,,9.66,,,,11.0,139.70431200000002,35.815514,28,87
川口,6.1,7.63,8.6,11.11,,8.78,12.04,,,15.9,,,11.0,139.717472,35.801869,26,74
赤羽,7.03,8.45,9.65,14.67,9.95,12.46,17.62,,15.33,,,,13.0,139.720928,35.77802600000001,19,62
東十条,6.67,7.87,8.51,11.28,8.72,10.12,16.48,,13.71,15.79,,,13.0,139.72685800000002,35.763803,28,53
王子,6.71,8.31,8.84,12.16,8.96,10.96,18.36,,15.7,,,,13.0,139.73809,35.752538,30,47
上中里,6.57,7.57,7.04,15.13,,10.72,,,,,,,13.0,139.745769,35.74728,28,51
大井町,8.43,9.46,13.39,15.69,,12.76,22.69,,,30.18,,,13.0,139.73485,35.606257,11,32
大森,8.24,8.73,10.97,14.4,10.08,13.61,19.27,,,,,,13.0,139.728079,35.588903,24,39
蒲田,8.55,8.54,11.13,14.09,9.57,11.41,16.11,,,16.91,,,13.0,139.716032,35.562517,28,48
川崎,7.03,7.73,9.87,13.29,,10.04,14.33,,,16.83,,,14.0,139.697485,35.53131099999999,32,60
鶴見,6.31,7.66,8.2,11.15,,10.13,15.66,,12.57,17.54,,,14.0,139.67614,35.508387,36,75
新子安,5.56,6.93,,10.48,,,17.2,,,,,,14.0,139.654776,35.48706400000001,40,89
東神奈川,7.39,8.05,10.75,11.53,,8.84,,,,,,,14.0,139.633466,35.47804,37,99
横浜,7.8,8.26,11.2,17.51,,10.86,25.42,,,25.9,,,14.0,139.622704,35.466195,31,106
桜木町,6.31,8.25,9.85,11.84,,,31.12,,,37.33,,,14.0,139.63088100000002,35.451112,40,113
関内,6.97,7.88,10.0,14.28,9.23,9.35,20.76,,,17.05,,,14.0,139.636984,35.44333599999999,42,121
石川町,6.52,7.38,9.29,13.14,,,26.5,,,22.19,,,14.0,139.642934,35.438808,44,124
山手,5.37,6.42,8.4,9.75,,9.22,,,,,,,14.0,139.646425,35.426891,46,132
根岸,5.49,7.3,8.8,8.81,,9.03,,,,,,,14.0,139.636034,35.415887,49,9999
磯子,5.58,5.57,,,7.2,,12.28,,,,,,14.0,139.61791599999998,35.399881,52,142
新杉田,6.02,6.69,,9.25,,7.78,,,,,,,14.0,139.619483,35.386863,55,149
洋光台,,5.98,,8.9,,,9.43,,,,,,14.0,139.596852,35.378785,58,156
港南台,,6.63,,,,,8.13,,,,,,14.0,139.576243,35.375183,61,159
本郷台,5.86,6.44,,,,,,,,,,,14.0,139.550159,35.36787,60,172
大船,6.1,6.82,,11.33,,,15.86,,,15.58,,,14.0,139.531127,35.353466,49,179
御茶ノ水,9.89,10.37,13.28,17.63,,15.56,26.05,,,,,,13.0,139.764955,35.699605,20,35
水道橋,10.75,10.23,13.4,17.37,,15.4,26.02,,,,,,13.0,139.754312,35.702039,21,32
飯田橋,11.27,10.8,13.92,19.73,14.11,,30.08,,,67.0,,,13.0,139.74514299999998,35.701835,17,26
市ケ谷,9.6,10.04,14.63,19.08,13.74,,31.06,,,57.83,,,13.0,139.73558300000002,35.691,16,23
四ツ谷,10.02,11.11,12.85,17.09,,,37.83,,,51.76,,,13.0,139.73064399999998,35.686041,14,19
信濃町,9.89,10.07,13.7,19.1,15.63,,25.88,,,43.25,,,13.0,139.720729,35.680031,14,15
千駄ケ谷,10.02,11.6,13.77,21.61,,,,,,,,,13.0,139.711644,35.681231,12,13
大久保,9.33,9.1,12.56,17.32,10.48,,23.03,,,29.57,,,13.0,139.69732,35.70078400000001,11,22
東中野,7.83,9.3,10.89,15.4,10.27,12.3,19.11,,,,,,13.0,139.684436,35.706529,13,26
中野,7.51,8.54,11.28,15.59,9.35,12.6,20.62,,,21.66,,,13.0,139.66583500000002,35.705765,14,30
高円寺,7.25,8.33,10.25,15.21,9.99,11.71,19.64,,,,,,13.0,139.649664,35.705326,16,34
阿佐ケ谷,6.74,7.73,10.14,14.08,9.2,13.03,18.06,,,,,,13.0,139.635868,35.704818,18,38
荻窪,7.54,8.1,11.05,13.36,10.97,12.46,15.9,,,,,,13.0,139.620109,35.70452299999999,20,41
西荻窪,7.47,7.85,11.58,14.2,10.24,11.19,22.32,,,,,,13.0,139.59936100000002,35.703842,22,50
吉祥寺,7.19,8.04,9.44,13.44,8.94,14.45,20.46,,,,,,13.0,139.57976499999998,35.703119,25,52
三鷹,8.02,7.36,9.85,13.31,9.57,12.57,20.98,,,24.22,,,13.0,139.560325,35.702683,28,59
武蔵境,7.28,7.29,9.41,13.54,11.67,10.52,14.69,,10.6,19.36,,,13.0,139.543402,35.702083,31,68
東小金井,5.8,6.33,7.29,9.93,8.3,9.05,,,12.5,15.27,,,13.0,139.52483700000002,35.701643,33,75
武蔵小金井,6.09,6.44,7.63,12.37,,8.26,13.83,,10.3,26.85,,,13.0,139.506483,35.701337,36,82
国分寺,5.91,6.61,7.99,10.53,8.92,8.61,,,,,,,13.0,139.480841,35.700123,39,94
西国分寺,5.33,6.15,,,6.34,7.8,9.72,,,,,,13.0,139.465994,35.699744,43,97
国立,5.53,6.64,9.33,13.98,8.5,9.43,16.95,,,14.8,,,13.0,139.44634,35.69923,45,105
立川,5.9,7.13,8.47,12.09,8.36,9.4,16.25,,,19.96,,,13.0,139.413704,35.698202,49,113
日野,4.71,5.72,,9.35,,6.99,9.41,,,11.6,,,13.0,139.39393,35.679244,53,115
豊田,6.11,6.14,7.48,9.78,8.22,8.59,10.98,,,,,,13.0,139.381495,35.659502,56,128
八王子,4.32,6.29,7.53,10.49,6.0,7.46,10.83,,11.13,14.85,,,13.0,139.338998,35.655555,52,145
西八王子,3.79,5.94,6.66,9.39,,6.88,9.98,,9.0,,,,13.0,139.31264,35.656621,64,156
高尾,3.94,5.31,,,,7.15,11.34,,,,,,13.0,139.282288,35.642026,59,170
千葉,6.08,6.19,6.96,9.13,,6.69,11.6,,8.57,15.57,,,12.0,140.112837,35.613425,64,198
西千葉,5.61,4.97,7.32,9.13,,,8.97,,,16.66,,,12.0,140.103337,35.622639,70,189
稲毛,5.6,5.55,6.68,8.42,,7.52,9.49,,8.43,,,,12.0,140.09256000000002,35.637264,60,184
新検見川,5.25,5.37,,7.23,5.2,6.52,8.86,,,,,,12.0,140.073025,35.65169,65,166
幕張,6.0,5.8,6.64,8.22,,6.56,,,7.02,,,,12.0,140.057899,35.6594,63,159
幕張本郷,4.61,6.11,7.7,8.51,,7.85,11.58,,8.76,10.98,,,12.0,140.042241,35.67266400000001,60,154
津田沼,5.43,6.24,7.12,10.56,,,14.33,,,15.24,,,12.0,140.020179,35.691367,53,151
東船橋,6.44,6.29,7.12,9.45,,8.29,10.36,,8.42,,,,12.0,140.00393,35.699811,53,140
船橋,6.22,6.73,7.67,11.87,7.02,8.2,14.5,,,16.26,,,12.0,139.984707,35.70186500000001,48,133
西船橋,7.42,6.87,8.19,10.11,6.73,8.45,11.76,,9.44,11.87,,,12.0,139.959536,35.70728300000001,52,118
下総中山,5.45,6.45,7.7,10.0,,7.62,12.14,,,,,,12.0,139.94309199999998,35.714276,49,113
本八幡,6.3,6.84,7.7,9.76,6.87,8.47,12.19,,10.23,18.78,,,12.0,139.92741,35.720898,47,107
市川,6.6,6.64,7.5,10.66,7.19,8.82,13.66,,,19.84,,,12.0,139.908142,35.728903,42,103
小岩,5.76,6.72,7.76,9.96,8.16,9.0,13.42,,,11.2,,,13.0,139.881755,35.733207,40,89
新小岩,6.34,7.48,7.75,11.59,,9.1,13.76,,,,,,13.0,139.857777,35.716903,37,75
平井,6.31,6.97,8.26,10.82,,13.04,15.16,,,19.15,,,13.0,139.842181,35.70643,34,66
亀戸,8.02,8.26,9.65,13.3,9.67,10.9,15.49,,,16.77,,,13.0,139.826262,35.697345,32,56
錦糸町,8.75,8.92,11.38,14.4,9.03,14.56,19.56,,,21.04,,,13.0,139.81413600000002,35.69680200000001,29,52
両国,8.69,9.42,11.1,15.74,10.74,12.59,19.65,,,,,,13.0,139.79333400000002,35.69579,26,45
浅草橋,9.02,10.17,12.12,16.8,13.22,16.05,21.98,,,,,,13.0,139.784427,35.697403,24,44
戸塚,5.73,6.7,9.37,11.36,,8.11,,,,16.44,,,14.0,139.53428200000002,35.400432,43,157
藤沢,5.81,6.8,7.27,9.47,,7.94,12.11,,,14.55,,,14.0,139.487293,35.338882,50,197
辻堂,5.99,5.95,,,,7.9,8.07,,,17.7,,,14.0,139.44710600000002,35.336847,54,206
茅ケ崎,5.59,5.66,6.17,10.57,,8.45,,,,21.31,,,14.0,139.407197,35.330741,57,215
平塚,5.49,5.83,,,,6.47,10.55,,,12.68,,,14.0,139.349063,35.327647,62,228
大磯,,4.86,,,,,,,,,,,14.0,139.31338799999997,35.311299,65,241
二宮,,5.57,,,,,,,,,,,14.0,139.256925,35.298644,70,262
国府津,,4.47,,6.77,,,,,,,,,14.0,139.212932,35.28083200000001,74,278
鴨宮,4.11,5.15,5.17,6.66,,6.35,6.39,,6.47,,,,14.0,139.180147,35.275744,89,292
小田原,5.64,6.35,,7.06,,6.11,,,,,,,14.0,139.15577199999998,35.256225,92,303
早川,,3.96,,,,,,,,,,,14.0,139.145014,35.238875,96,309
根府川,,,,,,,,,,,,,14.0,139.138504,35.202455,101,329
真鶴,,,,,,,,,,,,,14.0,139.132148,35.156837,106,359
湯河原,,5.37,,,,,,,,,,,14.0,139.102142,35.146178000000006,110,373
三河島,6.96,8.45,8.58,12.14,8.32,10.36,19.24,,,,,,13.0,139.777131,35.733383,36,55
南千住,7.83,8.16,10.71,15.28,8.36,10.83,19.73,,,18.33,,,13.0,139.7994,35.73403300000001,39,61
北千住,6.56,7.57,9.19,12.16,8.34,9.8,15.63,,,18.67,,,13.0,139.804872,35.749677,36,68
綾瀬,6.27,6.87,7.88,10.9,7.02,8.73,11.17,,10.16,13.01,,,13.0,139.825019,35.76222199999999,40,80
亀有,6.39,6.99,8.05,10.25,11.09,8.93,12.5,,10.97,12.2,,,13.0,139.847573,35.766527,43,86
金町,5.28,6.32,6.63,10.34,,8.32,11.63,,,13.66,,,13.0,139.870482,35.769582,46,91
松戸,6.14,6.48,7.74,10.95,,8.5,11.59,,,16.46,,,12.0,139.900779,35.784471999999994,48,106
北松戸,6.41,5.75,6.86,7.94,,7.13,8.74,,8.57,,,,12.0,139.911528,35.80045900000001,54,117
馬橋,5.3,5.82,7.23,7.59,,5.89,9.84,,6.8,11.91,,,12.0,139.917305,35.811682,56,122
新松戸,5.4,5.62,4.8,7.5,,5.49,8.39,,,9.56,,,12.0,139.921076,35.825467,58,136
北小金,4.49,5.08,,7.87,,6.88,9.04,,,,,,12.0,139.931303,35.833436,61,135
南柏,4.84,5.38,6.32,9.31,,6.47,10.6,,,11.03,,,12.0,139.954111,35.844655,63,142
柏,4.9,6.38,7.84,10.16,,10.44,12.74,,,14.8,,,12.0,139.971148,35.862316,57,151
北柏,4.11,4.79,,7.13,,,,,,9.49,,,12.0,139.988035,35.875623,63,165
我孫子,4.24,4.95,,8.71,,5.84,9.04,,,,,,12.0,140.01046599999998,35.87279,62,172
天王台,3.67,4.62,,7.41,,5.7,9.39,,,8.7,,,12.0,140.04121,35.87255800000001,66,179
片倉,3.96,4.83,,7.99,,6.59,8.2,,7.78,,,,13.0,139.34118999999998,35.63970399999999,52,150
八王子みなみ野,5.69,5.82,,8.55,,,10.25,,,11.7,,,13.0,139.330678,35.630664,69,154
相原,4.2,4.91,,7.64,,6.82,7.8,,6.96,,,,13.0,139.33168999999998,35.60694,65,157
橋本,4.22,5.52,7.01,8.35,,7.78,9.42,,8.9,,,,14.0,139.34458600000002,35.594975,55,156
相模原,4.91,5.17,5.97,8.63,,7.73,9.31,,,8.2,,,14.0,139.37100700000002,35.58113,61,157
矢部,3.66,4.66,6.49,,,6.34,,,,,,,14.0,139.386373,35.573275,58,148
淵野辺,4.36,5.08,6.14,9.9,5.77,6.74,8.71,,,,,,14.0,139.395075,35.568784,56,147
古淵,5.13,5.29,,8.09,,6.64,7.22,,7.48,10.59,,,14.0,139.419151,35.556055,53,143
町田,6.12,7.07,8.47,9.98,,8.39,12.7,,8.01,15.41,,,13.0,139.445579,35.542004,41,126
成瀬,,5.68,7.32,8.96,,7.59,,,,,,,13.0,139.472875,35.535412,47,116
長津田,6.25,6.11,6.14,,,7.59,9.6,,8.87,13.07,,,14.0,139.49468000000002,35.531698,38,113
十日市場,5.28,5.31,,9.0,,7.69,,,,,,,14.0,139.51668999999998,35.52625399999999,47,100
中山,5.67,5.98,6.46,8.52,,7.31,11.58,,9.51,11.34,,,14.0,139.539692,35.514745,44,99
鴨居,7.05,6.67,,9.1,,,,,,12.36,,,14.0,139.56707,35.510955,41,111
小机,5.67,6.32,,,,6.74,8.5,,,,,,14.0,139.59978700000002,35.508533,38,103
新横浜,7.56,8.11,9.91,12.7,,8.24,12.21,,11.62,17.18,,,14.0,139.617348,35.506824,35,96
菊名,6.07,6.56,7.54,10.09,7.04,9.47,12.37,,,16.4,,,14.0,139.630147,35.509749,23,88
大口,5.5,6.73,8.77,9.26,,7.9,,,,13.8,,,14.0,139.646288,35.492375,33,88
羽沢横浜国大,4.98,6.44,,,,,,,,,,,14.0,139.586389,35.481389,35,117
武蔵小杉,7.04,8.05,10.3,14.31,9.62,10.2,21.8,,,26.05,,,14.0,139.65963,35.57669,15,51
西大井,8.23,8.4,11.05,14.05,,11.87,16.62,,,,,,13.0,139.721729,35.601616,10,33
板橋,7.04,8.54,10.34,13.79,8.81,10.47,21.0,,,,,,13.0,139.719507,35.745435,13,42
十条,6.3,7.66,8.3,12.0,8.75,10.01,18.77,,15.5,16.07,,,13.0,139.72223300000002,35.76032100000001,15,54
北赤羽,5.88,7.41,8.63,10.64,7.1,9.76,,,,,,,13.0,139.70569,35.787007,26,69
浮間舟渡,6.0,6.8,,10.91,7.4,9.25,10.17,,,,,,13.0,139.691341,35.791209,28,69
戸田公園,5.39,6.2,,13.32,,8.29,,,,,,,11.0,139.678203,35.807906,31,77
戸田,5.2,5.79,,12.56,6.6,7.48,12.45,,,13.57,,,11.0,139.669548,35.81766500000001,33,84
北戸田,5.19,6.06,7.02,11.32,,6.59,11.21,,,15.15,,,11.0,139.661201,35.826883,35,91
武蔵浦和,5.53,6.72,,12.13,,7.73,14.14,,,13.23,,,11.0,139.647974,35.846047,29,97
中浦和,4.79,5.71,,10.93,,7.46,9.23,,8.13,10.82,,,11.0,139.6375,35.853769,34,104
南与野,,5.77,5.5,8.24,4.5,7.58,10.93,,7.32,,,,11.0,139.631117,35.867456,36,111
与野本町,5.41,6.09,6.43,9.18,,,11.31,,8.85,,,,11.0,139.626075,35.880968,38,116
北与野,6.77,6.51,7.75,8.71,,8.59,13.35,,8.5,18.87,,,11.0,139.628521,35.890678,40,117
日進,6.88,5.59,,7.97,,5.85,7.26,,,14.88,,,11.0,139.606111,35.931555,42,139
西大宮,,5.92,,8.31,8.6,,9.41,,,13.0,,,11.0,139.5797968,35.92228133,47,147
指扇,4.77,4.78,,7.56,,,7.99,,7.63,9.3,,,11.0,139.564951,35.917023,49,155
南古谷,,4.32,,6.38,,,,,,,,,11.0,139.519082,35.903344,55,158
川越,5.94,6.55,7.51,9.25,,6.91,10.94,,,,,,11.0,139.483078,35.906742,45,175
浜川崎,5.4,6.37,,,,,,,,,,,14.0,139.713483,35.51042800000001,50,76
小田栄,5.77,6.58,,9.41,,,,,,,,,14.0,139.70494399999998,35.5145,39,73
川崎新町,5.71,7.31,7.95,9.79,,8.3,,,,,,,14.0,139.699348,35.518234,38,69
八丁畷,6.06,7.17,,9.6,9.67,9.42,,,,,,,14.0,139.69144599999998,35.523071,37,68
尻手,5.94,7.87,8.69,11.12,9.64,9.95,11.81,,12.29,,,,14.0,139.684233,35.53093900000001,27,62
矢向,6.14,7.16,7.83,10.38,7.45,9.09,,,,18.78,,,14.0,139.68055,35.539408,25,62
鹿島田,6.31,6.97,9.13,12.18,7.37,9.96,17.94,,,19.5,,,14.0,139.674964,35.551459,22,61
平間,6.1,7.43,10.22,11.08,,9.92,12.17,,10.7,,,,14.0,139.67103899999998,35.56056500000001,29,55
向河原,6.34,7.37,9.96,11.76,,9.01,,,,25.94,,,14.0,139.66725,35.572891,27,53
武蔵中原,6.85,7.29,8.03,10.84,,9.47,13.54,,10.84,,,,14.0,139.640613,35.581498,25,53
武蔵新城,6.76,7.09,7.3,11.61,,9.31,11.86,,,18.01,,,14.0,139.62941899999998,35.587369,27,51
武蔵溝ノ口,7.23,7.37,9.39,12.97,,,,,,17.73,,,14.0,139.61139,35.598923,20,45
津田山,5.6,6.73,,10.55,,,,,,14.8,,,14.0,139.600002,35.604259000000006,24,48
久地,5.84,6.16,8.03,9.72,,8.39,17.72,,9.65,,,,14.0,139.592714,35.610363,25,50
宿河原,5.0,6.08,,10.28,7.97,8.92,11.26,,9.25,,,,14.0,139.579565,35.615429,28,55
登戸,6.05,6.34,6.98,12.71,10.93,8.64,12.58,,,14.07,,,14.0,139.570028,35.620889,25,54
中野島,5.51,6.28,7.3,9.94,5.61,7.38,11.1,,9.12,10.81,,,14.0,139.5501,35.630135,31,61
稲田堤,5.17,5.5,,8.72,,7.49,9.33,,9.14,,,,14.0,139.535173,35.633701,30,67
矢野口,4.71,5.12,,8.35,6.09,7.43,,,,11.8,,,13.0,139.520849,35.641305,35,70
稲城長沼,4.9,5.16,5.29,8.5,,6.74,8.3,,,10.28,,,13.0,139.502811,35.644184,38,78
南多摩,,5.66,,8.62,,7.8,,,,,,,13.0,139.489781,35.649249,46,82
府中本町,5.36,6.54,,9.96,,7.86,,,,14.73,,,13.0,139.477142,35.665766,44,87
分倍河原,5.18,5.55,5.87,9.8,,8.73,9.92,,,10.78,,,13.0,139.468798,35.668493,35,88
西府,5.91,5.71,,9.76,6.62,8.17,11.8,,,,,,13.0,139.457477,35.670912,45,91
谷保,6.01,5.97,8.39,,,7.95,12.04,,9.03,11.86,,,13.0,139.446724,35.68137700000001,48,97
矢川,5.1,5.72,10.96,11.24,,7.44,8.88,,,,,,13.0,139.431611,35.68507899999999,50,102
西国立,5.11,5.86,7.74,10.14,,7.81,12.97,,,14.87,,,13.0,139.423887,35.69375,52,109
新川崎,6.15,7.66,8.82,11.34,7.21,8.99,17.92,,,15.57,,,14.0,139.671481,35.55178400000001,21,63
保土ケ谷,5.34,6.36,6.77,9.86,,,,,,12.0,,,14.0,139.599671,35.44674600000001,34,122
東戸塚,6.28,6.96,,10.76,,9.13,12.52,,11.24,14.25,,,14.0,139.556794,35.43035300000001,39,153
北鎌倉,,,,,,,,,,,,,14.0,139.54513400000002,35.337198,52,179
鎌倉,7.57,7.13,,,,,,,,,,,14.0,139.550428,35.318793,56,189
逗子,,6.38,,,,,,,,,,,14.0,139.578292,35.29739199999999,61,205
東逗子,,5.93,,,,,,,,,,,14.0,139.601768,35.298781,72,204
田浦,3.95,,,,,,,,,,,,14.0,139.637726,35.29271,76,199
横須賀,,4.11,,,,6.43,,,,,,,14.0,139.655855,35.284022,79,207
衣笠,5.42,5.54,,,,,,,,,,,14.0,139.661193,35.257091,84,221
久里浜,,5.64,,,,5.88,,,,,,,14.0,139.700862,35.23310700000001,77,237
北府中,,5.88,,,,,,,,,,,13.0,139.471792,35.68088,47,88
新小平,4.84,5.2,,7.9,,7.32,9.4,,,,,,13.0,139.470745,35.73128,50,97
新秋津,5.33,5.52,,9.5,6.7,6.26,,,,,,,13.0,139.493592,35.778331,45,114
東所沢,5.2,5.81,7.3,8.26,,5.94,,,7.16,8.37,,,11.0,139.513878,35.79461,42,120
新座,5.8,5.56,,,,6.74,,,,,,,11.0,139.556328,35.80381,38,101
北朝霞,4.96,5.96,5.39,9.46,6.04,8.21,9.77,,,10.68,,,11.0,139.587322,35.815475,32,103
西浦和,5.36,5.32,,7.87,,7.15,9.23,,,,,,11.0,139.62770700000002,35.844139,41,106
東浦和,5.52,5.61,,8.38,,5.89,8.43,,7.94,16.73,,,11.0,139.704627,35.864079,42,110
東川口,5.07,5.7,6.32,9.4,5.47,6.32,11.88,,,15.03,,,11.0,139.744087,35.87524600000001,46,122
南越谷,6.23,5.68,,,,6.08,,,7.43,11.49,,,11.0,139.790499,35.876106,50,128
越谷レイクタウン,7.3,,,8.32,,,9.95,,,,,,11.0,139.822178,35.876353,53,137
吉川,6.3,5.62,5.4,7.58,7.0,6.13,8.04,,,,,,11.0,139.843162,35.87662,56,141
吉川美南,,6.08,,8.8,,,,,,,,,11.0,139.85816699999998,35.868056,58,142
新三郷,,,,,,,,,,,,,11.0,139.869341,35.858667,60,139
三郷,4.88,5.86,,7.45,6.9,6.51,,,,9.23,,,11.0,139.886341,35.845004,62,131
南流山,4.15,6.16,7.72,9.14,,6.52,10.77,,8.12,11.8,10.7,,12.0,139.903865,35.838035,58,133
新八柱,4.48,5.14,,,,5.72,9.0,,,9.33,,,12.0,139.938393,35.792013,68,121
東松戸,5.51,5.83,,9.15,,6.6,10.47,,,14.34,,,12.0,139.943848,35.77061099999999,65,124
市川大野,,5.1,,7.22,,6.65,7.97,,6.0,,,,12.0,139.951227,35.755432,63,129
船橋法典,,6.03,,8.06,,8.1,8.32,,,9.37,,,12.0,139.966771,35.730435,60,123
南船橋,,,,,,,,,,,,,12.0,139.995773,35.681804,51,131
市川塩浜,,,,,,,,,,,,,12.0,139.923684,35.666554,44,100
尾久,6.55,7.5,7.55,11.43,,8.97,14.83,,,,,,13.0,139.753846,35.74683,29,56
宮原,5.91,5.32,,8.92,,5.86,7.83,,7.08,10.36,,,11.0,139.609455,35.940256,45,140
上尾,,5.87,,8.96,,5.98,,,,14.0,,,11.0,139.588434,35.973522,49,161
北上尾,4.7,5.38,,6.81,,,,,5.98,,,,11.0,139.577223,35.985632,52,170
桶川,5.93,4.98,,6.28,,,6.25,,,8.42,,,11.0,139.564274,35.998375,55,177
北本,4.29,4.68,,,,6.21,7.07,,,8.49,,,11.0,139.533591,36.032112,59,195
鴻巣,,4.47,,,,5.13,,,,8.22,,,11.0,139.509552,36.0592,63,208
北鴻巣,,5.31,,,,,,,,,,,11.0,139.476894,36.085529,67,224
吹上,4.37,4.27,,,,5.06,,,,,,,11.0,139.45311999999998,36.103062,70,233
行田,,5.39,,5.76,,,6.13,,,,,,11.0,139.432103,36.113879,74,242
熊谷,4.95,5.52,,,,,,,,,,,11.0,139.389528,36.139627,78,261
籠原,3.76,5.19,,6.72,,4.89,6.97,,,,,,11.0,139.330199,36.17448,85,287
深谷,5.85,3.96,,6.24,,,5.78,,,,,,11.0,139.28127,36.191344,83,307
岡部,,,,,,,,,,,,,11.0,139.237622,36.205645,87,327
本庄,,4.31,,5.83,,,5.88,,,,,,11.0,139.188299,36.236229,92,348
神保原,,3.92,,4.7,,3.91,4.57,,,,,,11.0,139.149172,36.25359,96,362
八丁堀,11.01,9.81,14.21,17.62,,17.02,24.29,,,32.9,,,13.0,139.777705,35.674617,26,34
越中島,8.58,9.22,10.95,16.54,,,22.24,,,,,,13.0,139.792713,35.667946,32,43
潮見,6.41,8.05,,,,,16.6,,14.56,17.07,,,13.0,139.817341,35.65870200000001,35,56
新木場,,,,,,,,,,,,,13.0,139.827402,35.646172,28,65
葛西臨海公園,,,,,,,,,,,,,13.0,139.861529,35.644392,35,80
舞浜,,6.35,,,,,,,,,,,12.0,139.883714,35.63611500000001,38,86
新浦安,6.09,7.2,8.4,,,,,,,,,,12.0,139.912553,35.649526,41,99
二俣新町,,,,,,,,,,,,,12.0,139.959525,35.69127299999999,48,115
新習志野,,,,,,,,,,,,,12.0,140.012825,35.667342,54,146
海浜幕張,7.9,,,,,,,,,,,,12.0,140.04191699999998,35.648373,58,161
検見川浜,,,,,,,,,,,,,12.0,140.058888,35.637291,60,173
稲毛海岸,7.36,6.81,,,,,,,,,,,12.0,140.074034,35.629501,63,181
千葉みなと,6.14,6.18,6.57,8.25,,,12.03,,,16.59,,,12.0,140.10341,35.606171999999994,66,194
蘇我,5.89,5.95,6.08,8.95,,6.07,11.21,,7.75,10.48,,,12.0,140.130767,35.582065,76,213
土呂,,5.81,,9.59,,6.1,11.18,,,9.31,,,11.0,139.63214,35.931997,45,139
東大宮,4.77,5.14,7.3,8.79,,,8.53,,6.25,8.32,,,11.0,139.640291,35.948751,43,147
蓮田,,4.69,,,,,8.03,,7.02,,,,11.0,139.65301599999998,35.981272,47,171
白岡,6.27,5.5,,7.13,,5.38,,,,,,,11.0,139.666826,36.01774,56,184
新白岡,,5.28,,6.8,,,,,,,,,11.0,139.67208,36.038732,59,196
久喜,4.28,5.15,,6.13,,5.4,,,,,,,11.0,139.67727,36.06568400000001,55,212
東鷲宮,,,,,,,,,,,,,11.0,139.67913,36.08942800000001,61,229
栗橋,,5.16,,,,4.77,5.87,,,,,,11.0,139.694177,36.13685200000001,66,254
相模湖,,,,,,,,,,,,,14.0,139.1885,35.617335,76,222
藤野,,,,,,,,,,,,,14.0,139.15239,35.615918,80,248
新日本橋,11.7,10.21,15.31,16.78,,,,,,,,,13.0,139.77323,35.688687,26,33
馬喰町,9.79,10.62,13.78,17.05,,20.19,23.5,,,,,,13.0,139.78238000000002,35.693365,28,39
東千葉,5.42,5.11,5.78,8.14,5.0,5.84,9.1,,,,,,12.0,140.122261,35.61701400000001,79,199
都賀,4.21,4.48,5.32,6.97,4.22,5.9,6.9,,7.08,6.9,,,12.0,140.149222,35.636088,83,211
四街道,5.6,5.09,,6.39,,5.16,,,,,,,12.0,140.165023,35.662756,87,211
物井,,4.26,,7.4,,,,,,,,,12.0,140.20026299999998,35.68566,91,242
佐倉,5.5,5.19,,6.98,,4.86,7.86,,,,,,12.0,140.226722,35.709743,95,238
南酒々井,,,,,,,,,,,,,12.0,140.267828,35.704217,104,258
榎戸,,4.95,,,,,,,,,,,12.0,140.288136,35.683967,108,271
八街,,,,,,4.5,5.83,,,,,,12.0,140.317304,35.66322800000001,112,287
日向,,,,,,,,,,,,,12.0,140.362447,35.628402,123,312
成東,,4.38,,,,,,,,,,,12.0,140.410109,35.608513,129,332
松尾,,,,,,,,,,,,,12.0,140.45758700000002,35.63604,135,353
横芝,,,,,,,,,,,,,12.0,140.490736,35.66173900000001,140,362
飯倉,,,,,,4.86,,,,,,,12.0,140.52232800000002,35.685638,153,378
八日市場,,,,,,,,,,,,,12.0,140.552419,35.699317,157,389
干潟,,,,,,,,,,,,,12.0,140.603304,35.718308,162,409
旭,,,,,,,,,,,,,12.0,140.65504099999998,35.721831,170,431
飯岡,,,,,,,,,,,,,12.0,140.683896,35.729339,173,443
倉橋,,,,,,,,,,,,,12.0,140.71401799999998,35.737836,177,465
猿田,,,,,,,,,,,,,12.0,140.7374,35.747383,180,472
松岸,,3.88,,,,,,,,,,,12.0,140.795143,35.739386,189,505
銚子,,3.84,,,,,,,,,,,12.0,140.827557,35.729449,162,506
西立川,4.83,5.57,,,,7.8,14.36,,,,,,13.0,139.39355600000002,35.70352600000001,54,122
東中神,4.8,6.18,5.32,8.3,5.0,,,,,,,,13.0,139.384529,35.706337,56,126
中神,4.51,6.19,,8.36,,6.54,,,,,,,13.0,139.375816,35.709058,58,129
昭島,6.0,4.95,,8.44,,7.31,9.15,,,,,,13.0,139.361564,35.713305,60,135
拝島,3.97,4.65,,,,6.71,,,,,,,13.0,139.343468,35.72127800000001,63,144
牛浜,,4.18,,6.89,,6.01,7.68,,7.1,,,,13.0,139.333677,35.734547,66,150
福生,5.83,5.06,4.92,7.42,,6.22,8.44,,6.81,,,,13.0,139.32776299999998,35.742456,68,158
羽村,,5.2,,7.8,,5.83,,,6.16,,,,13.0,139.31618799999998,35.758073,70,166
小作,4.93,5.95,,7.45,,6.51,6.24,,6.37,7.53,,,13.0,139.302233,35.776048,73,175
河辺,5.28,5.22,,7.49,,6.77,8.01,,,,,,13.0,139.284032,35.78473,76,183
東青梅,,3.87,,6.79,,,6.94,,,,,,13.0,139.272841,35.789768,79,188
青梅,,4.65,,,,,,,,,,,13.0,139.258096,35.790512,82,194
宮ノ平,,,,,,,,,,,,,13.0,139.23728899999998,35.787545,92,205
日向和田,,,,,,,,,,,,,13.0,139.229515,35.788665,94,209
石神前,,,,,,,5.13,,,,,,13.0,139.225096,35.79683,96,220
二俣尾,,,,,,,,,,,,,13.0,139.216161,35.803946,98,224
軍畑,,,,,,,,,,,,,13.0,139.207431,35.80738200000001,100,227
沢井,,,,,,,,,,,,,13.0,139.193324,35.80594,103,230
御嶽,,,,,,,,,,,,,13.0,139.18258899999998,35.801468,105,233
川井,,,,,,,,,,,,,13.0,139.16429,35.813697,110,244
古里,,,,,,,,,,,,,13.0,139.152102,35.816247,113,252
鳩ノ巣,,,,,,,,,,,,,13.0,139.12893200000002,35.81512700000001,117,262
白丸,,,,,,,,,,,,,13.0,139.11486100000002,35.811735,119,270
奥多摩,,,,,,,,,,,,,13.0,139.09696100000002,35.809357,122,278
北八王子,,5.5,,,,7.6,,,,,,,13.0,139.363348,35.669232,60,136
小宮,4.23,4.33,,7.86,,4.45,,,6.8,,,,13.0,139.368481,35.685799,64,131
東福生,,4.91,,5.77,,5.94,,,7.09,,,,13.0,139.33594,35.745811,70,156
箱根ケ崎,,4.72,,,,,,,,,,,13.0,139.34680500000002,35.771158,74,169
金子,,,,5.3,,,6.3,,,,,,11.0,139.328546,35.81082199999999,89,191
東飯能,4.74,5.2,,7.53,,,,,,,,,11.0,139.325965,35.85292800000001,83,194
高麗川,,4.42,,,,,6.99,,,,,,11.0,139.33809,35.89632800000001,74,206
毛呂,,4.39,,6.43,,,,,,,,,11.0,139.30923700000002,35.940806,82,226
越生,,3.9,,,,,5.61,,,,,,11.0,139.299437,35.96255900000001,81,237
明覚,,,,,,,,,,,,,11.0,139.28878899999998,36.003309,96,254
小川町,,,,,,,,,,,,,11.0,139.260412,36.05903,20,35
竹沢,,,,,,,,,,,,,11.0,139.229952,36.075466,111,304
折原,,,,,,,,,,,,,11.0,139.19520500000002,36.096296,117,321
寄居,,,,,,,5.66,,,,,,11.0,139.194224,36.118013,107,342
用土,,,,,,,5.71,,,,,,11.0,139.200758,36.153858,127,341
松久,,,,,,,,,,,,,11.0,139.182127,36.172938,131,358
児玉,,4.01,,4.88,,,,,,,,,11.0,139.13582,36.192624,114,377
丹荘,,3.8,,,,,,,,,,,11.0,139.102306,36.216668,125,384
熊川,3.48,4.49,,6.4,,5.73,,,6.86,,,,13.0,139.33584,35.728321,70,147
東秋留,,,,5.5,,,,,,,,,13.0,139.31166499999998,35.725904,73,154
秋川,,4.48,,5.98,,5.58,,,6.31,,,,13.0,139.286715,35.727998,77,163
武蔵引田,,,5.95,6.15,,,,,,,,,13.0,139.26990700000002,35.729711,79,172
武蔵増戸,,3.34,,6.43,,,6.4,,,,,,13.0,139.256355,35.730961,82,178
武蔵五日市,,,,,,,8.8,,,,,,13.0,139.228039,35.732248,103,187
本庄早稲田,5.48,,,,,,,,,,,,,,,9999,351
落合,7.42,8.27,10.84,14.84,9.95,12.0,17.65,,,21.07,,,13.0,139.687284,35.710976,18,28
早稲田,8.06,8.52,11.85,14.48,,12.38,,,,,,,13.0,139.721319,35.705723,19,26
神楽坂,9.44,9.92,12.43,18.12,13.49,13.14,27.49,,,29.9,,,13.0,139.734546,35.70379000000001,20,29
九段下,10.86,10.39,15.17,19.39,,17.9,29.17,,,,,,13.0,139.751948,35.695589,12,28
竹橋,10.04,11.71,,22.24,,,,,,,,,13.0,139.75681699999998,35.690662,20,32
大手町,11.66,10.45,,17.15,,,,,,,,,13.0,139.7662,35.68656400000001,17,26
日本橋,11.62,9.38,16.14,17.58,,,,,,,,,13.0,139.773516,35.68207800000001,20,31
茅場町,10.87,9.52,14.05,17.76,,16.54,23.39,,,32.1,,,13.0,139.78000500000002,35.679752,25,34
門前仲町,9.7,9.56,11.39,13.89,10.66,12.03,21.82,,,,,,13.0,139.796209,35.67185100000001,28,42
木場,9.04,9.38,11.42,12.23,9.27,9.96,16.27,,,18.43,,,13.0,139.807042,35.669351,30,46
東陽町,9.1,9.29,11.26,13.32,9.53,10.82,18.51,,,18.75,,,13.0,139.817596,35.669629,32,51
南砂町,7.14,8.56,9.92,14.08,,,17.43,,,,,,13.0,139.83065,35.668796,34,56
西葛西,6.66,6.97,8.14,11.92,,8.67,12.13,,,14.78,,,13.0,139.859259,35.664631,37,72
葛西,6.75,6.96,8.37,10.36,9.05,9.11,13.02,,,14.63,,,13.0,139.872458,35.663554,39,77
浦安,6.33,6.77,7.3,10.16,7.23,8.53,,,,,,,12.0,139.893193,35.665932,42,85
南行徳,5.67,6.73,7.06,9.85,7.18,7.86,10.94,,,13.26,,,12.0,139.902311,35.672687,44,91
行徳,6.15,6.66,7.02,9.3,,8.49,10.74,,,13.28,,,12.0,139.914254,35.682686,46,99
妙典,6.62,6.38,8.02,9.84,6.7,9.19,11.78,,11.57,13.23,,,12.0,139.92420900000002,35.690935,48,101
原木中山,6.23,5.87,6.93,9.06,,7.23,10.39,,8.18,10.75,,,12.0,139.942029,35.703517,55,103
和光市,6.86,6.14,7.8,10.45,7.14,8.46,14.18,,,18.39,,,11.0,139.612434,35.788507,27,81
地下鉄成増,6.3,6.78,8.65,11.66,6.93,8.79,13.09,,11.22,16.0,,,13.0,139.631497,35.77655700000001,33,73
地下鉄赤塚,6.22,7.3,7.5,12.41,8.46,9.06,13.18,,10.99,,,,13.0,139.644021,35.769939,31,67
平和台,6.38,7.18,8.96,11.2,,9.46,13.58,,11.84,,,,13.0,139.653762,35.757863,28,56
氷川台,6.1,7.18,8.94,11.44,8.43,9.15,13.66,,,,,,13.0,139.66556699999998,35.74955,26,50
小竹向原,6.64,7.68,8.59,12.71,7.66,10.02,14.05,,,,,,13.0,139.678572,35.743803,23,46
千川,6.7,7.37,9.02,12.08,7.73,10.61,14.04,,,,,,13.0,139.689271,35.738229,21,43
要町,6.84,8.52,10.16,13.32,8.65,11.26,19.61,,,,,,13.0,139.698715,35.73323,19,39
東池袋,7.29,8.94,12.03,15.06,11.82,11.94,21.69,,,,,,13.0,139.719546,35.725732,20,35
護国寺,7.6,8.03,10.07,15.58,13.98,11.78,18.51,,,40.55,,,13.0,139.72754,35.719044,22,33
江戸川橋,8.7,9.32,11.91,15.88,11.75,12.82,24.0,,,36.42,,,13.0,139.73353799999998,35.70949500000001,21,28
麹町,13.03,12.91,17.43,23.5,,,39.28,,,,,,13.0,139.73761299999998,35.684006,14,19
永田町,,12.67,14.92,28.79,,,82.93,,,,,,13.0,139.740258,35.678757,7,16
桜田門,,,,,,,,,,,,,13.0,139.75149,35.677405,13,21
銀座一丁目,16.0,11.1,,18.88,15.5,,,,,,,,13.0,139.767045,35.67435,18,35
新富町,10.31,10.45,13.95,18.04,,16.31,26.22,,,35.3,,,13.0,139.77371100000002,35.670462,19,39
月島,10.55,10.53,12.51,16.88,,16.04,24.43,,,29.53,,,13.0,139.784233,35.66487100000001,22,45
豊洲,12.3,9.93,15.12,17.23,,,23.73,,,27.53,,,13.0,139.79621,35.654908,25,51
辰巳,14.46,10.88,13.6,16.59,,,17.38,,,23.94,,,13.0,139.81052,35.645576,28,58
新大塚,8.37,8.56,10.44,14.61,11.2,11.62,20.2,,,22.71,,,13.0,139.729971,35.72569,17,42
茗荷谷,8.51,8.58,10.68,17.08,,16.36,25.26,,,31.86,,,13.0,139.737184,35.716989,19,37
後楽園,10.04,9.17,12.69,16.83,,20.05,28.76,,23.23,42.68,,,13.0,139.75186399999998,35.707898,21,33
本郷三丁目,9.94,10.06,12.78,18.44,,11.98,24.96,,,,,,13.0,139.75991399999998,35.706671,23,38
淡路町,10.22,10.29,14.53,17.96,,,26.61,,21.0,,,,13.0,139.767575,35.69543400000001,22,35
銀座,13.72,12.03,14.0,21.05,15.3,,33.42,,,,,,13.0,139.76396499999998,35.671989,15,33
霞ケ関,,9.95,,,,,,,,,,,13.0,139.750899,35.673838,13,23
国会議事堂前,13.2,,,21.9,,,,,,,,,13.0,139.745219,35.67393,11,18
赤坂見附,14.53,12.28,15.07,22.8,13.48,,44.11,,,,,,13.0,139.737047,35.677021,9,16
四谷三丁目,9.84,10.36,12.97,18.28,,14.77,25.15,,,42.75,,,13.0,139.720103,35.687958,14,17
新宿御苑前,11.0,10.88,14.23,19.87,,,28.01,,,37.06,,,13.0,139.71069,35.688588,12,18
新宿三丁目,10.29,11.23,14.38,24.26,12.75,,28.25,,,42.54,,,13.0,139.704895,35.690847,7,13
西新宿,11.33,10.39,13.29,24.29,,,31.27,,,40.77,,,13.0,139.692778,35.694298,14,21
中野坂上,7.63,9.62,11.93,14.37,10.43,12.44,21.08,,,25.97,,,13.0,139.68291000000002,35.69792,16,21
新中野,7.56,8.41,11.24,13.81,10.49,11.33,16.69,,,,,,13.0,139.66903,35.697491,18,26
東高円寺,7.49,8.33,9.87,15.95,9.45,12.76,19.52,,,22.63,,,13.0,139.657822,35.697802,21,33
新高円寺,6.94,8.35,10.15,14.9,9.83,12.23,19.7,,,,,,13.0,139.648068,35.697985,23,34
南阿佐ケ谷,6.41,8.02,10.27,13.74,9.49,11.75,17.64,,,,,,13.0,139.63576,35.699624,25,36
中野新橋,7.59,8.56,10.86,17.0,10.06,12.74,19.34,,,,,,13.0,139.673997,35.69212299999999,18,22
中野富士見町,7.36,8.23,11.03,16.23,10.18,10.57,18.74,,,25.3,,,13.0,139.666933,35.690514,20,23
方南町,6.46,8.45,11.54,14.48,10.82,11.82,17.47,,,,,,13.0,139.656498,35.68349600000001,24,23
三ノ輪,7.42,8.3,9.76,13.39,9.96,10.38,15.87,,,19.77,,,13.0,139.79148500000002,35.729623,37,56
入谷,7.96,9.31,10.46,14.73,10.38,10.15,18.43,,,22.53,,,14.0,139.391913,35.478478,35,51
仲御徒町,9.92,10.45,13.99,16.09,,18.64,24.39,,,,,,13.0,139.77613799999997,35.706649,31,43
小伝馬町,11.56,9.66,14.57,17.6,,,23.87,,,34.03,,,13.0,139.778433,35.690737,25,37
人形町,10.51,9.72,14.04,18.68,14.28,17.25,23.98,,,32.02,,,13.0,139.782285,35.686307,27,37
築地,11.06,10.23,13.43,17.81,14.13,17.35,27.28,,,32.66,,,13.0,139.772603,35.668115,24,38
東銀座,12.05,11.47,14.47,19.6,,,28.26,,,,,,13.0,139.767253,35.66946400000001,22,34
日比谷,,,,,,,,,,,,,13.0,139.76017,35.67459,16,28
虎ノ門ヒルズ,13.15,11.52,,,,,28.0,,,,,,13.0,139.747778,35.667444,18,22
神谷町,13.57,12.67,16.18,31.8,,,49.62,,,91.37,,,13.0,139.745069,35.662978,16,20
六本木,13.36,12.69,15.56,25.0,,16.59,40.1,,,72.8,,,13.0,139.73144299999998,35.662836,10,13
広尾,12.25,11.5,14.12,22.62,,,37.65,,,41.85,,,13.0,139.722202,35.652279,9,11
中目黒,10.96,12.21,13.82,22.39,,16.4,31.99,,,32.5,,,13.0,139.698621,35.643854,3,8
北綾瀬,5.34,7.02,7.28,8.7,7.39,8.62,10.27,,9.28,,,,13.0,139.83203500000002,35.777117,46,86
町屋,6.36,7.24,8.25,11.97,9.16,10.86,13.25,,,,,,13.0,139.781499,35.742354,33,59
千駄木,7.46,8.24,9.18,15.6,8.79,11.87,21.92,,,25.3,,,13.0,139.763243,35.725549,29,47
根津,7.94,9.13,11.26,15.38,,11.72,21.11,,,,,,13.0,139.765655,35.7174,26,44
湯島,10.4,9.93,11.78,17.44,,,26.15,,,,,,13.0,139.769916,35.708243,24,41
新御茶ノ水,9.04,10.72,14.04,18.6,,,,,,,,,13.0,139.76601399999998,35.698072,22,35
二重橋前,,,,,,,,,,,,,13.0,139.761948,35.681071,18,25
赤坂,13.79,12.77,16.31,23.06,14.01,21.98,32.15,,,90.0,,,13.0,139.738348,35.67323,10,15
乃木坂,13.04,12.71,13.26,24.54,,,37.96,,,46.56,,,13.0,139.726215,35.66657199999999,7,12
表参道,16.76,13.5,17.59,28.09,,,47.43,,,65.61,,,13.0,139.712314,35.665246999999994,2,5
明治神宮前,15.77,14.03,18.45,26.81,,,49.07,,,,,,,,,2,4
代々木公園,11.13,9.26,13.69,20.57,,,28.76,,,49.29,,29.8,13.0,139.689099,35.669187,8,5
代々木上原,9.41,9.45,13.56,18.88,,15.2,25.28,,,41.67,,,13.0,139.680153,35.669159,11,10
赤羽岩淵,7.27,8.18,9.68,13.29,8.01,10.69,13.77,,14.64,15.27,,,13.0,139.722103,35.783417,20,64
志茂,6.07,7.09,8.68,10.94,8.3,9.98,14.64,,18.3,,,,13.0,139.732599,35.77794799999999,36,59
王子神谷,6.41,7.92,8.91,13.46,7.71,9.61,17.28,,,,,,13.0,139.73593300000002,35.765172,33,53
西ケ原,6.24,7.45,9.68,12.5,6.62,11.18,14.24,,,,,,13.0,139.742322,35.746008,28,49
本駒込,7.99,8.6,10.46,15.56,9.99,12.37,24.33,15.15,,,,,13.0,139.753828,35.724155,29,46
東大前,8.54,8.8,12.78,15.27,,17.16,20.75,,,,,,13.0,139.758025,35.717633,24,43
溜池山王,16.06,11.72,16.48,23.99,,,36.42,,,,,,13.0,139.741419,35.67362100000001,11,18
六本木一丁目,14.87,14.68,16.61,28.23,,,43.68,,,95.2,,,13.0,139.739,35.665595,17,18
麻布十番,13.52,12.82,14.59,25.37,12.64,16.15,40.45,,,67.94,,,13.0,139.737051,35.654682,13,18
白金高輪,11.5,10.55,14.32,19.88,,17.6,28.88,,,40.95,,,13.0,139.734104,35.64290300000001,15,12
白金台,12.0,12.12,14.16,20.63,16.35,,35.04,,,33.98,,,13.0,139.726133,35.637917,12,14
浅草,8.19,9.42,10.57,15.27,10.41,10.94,20.2,,13.63,21.02,,,13.0,139.798214,35.711883,33,50
田原町,9.38,9.79,12.91,16.85,10.95,18.76,22.0,,,,,,13.0,139.790897,35.709897,34,50
稲荷町,9.03,9.73,11.92,15.91,,,21.66,,,,,,13.0,139.782593,35.711273,32,49
上野広小路,9.87,9.37,,17.51,,,27.36,,,,,,13.0,139.772877,35.70768,28,43
末広町,10.96,10.36,13.68,16.13,13.6,,24.01,,,,,,13.0,139.77171299999998,35.70297199999999,26,41
三越前,10.7,11.04,13.87,17.77,,,24.03,,,32.8,,,13.0,139.773594,35.687101,19,32
京橋,9.59,10.12,13.62,17.69,,,,,,,,,13.0,139.770126,35.676856,19,36
虎ノ門,12.61,11.17,15.01,,,,43.97,,,,,,13.0,139.749832,35.670236,13,22
青山一丁目,12.11,13.68,12.24,27.68,,,53.02,,,46.33,,,13.0,139.724159,35.67276500000001,4,12
外苑前,15.42,15.07,19.07,26.3,,,41.71,,,,,,13.0,139.717857,35.670527,4,8
半蔵門,12.22,12.38,17.07,23.94,,20.5,35.17,,,78.0,,,13.0,139.74163,35.68570300000001,9,22
神保町,10.7,10.8,14.13,22.07,,,27.37,,,,,,13.0,139.757606,35.695966,14,30
水天宮前,10.45,9.53,11.78,18.61,11.97,13.92,23.94,,,30.47,,,13.0,139.785377,35.68268300000001,22,38
清澄白河,8.42,9.31,11.56,13.4,10.52,11.36,19.13,,,,,,13.0,139.798851,35.682105,25,45
住吉,8.26,8.96,11.27,15.09,9.42,11.14,17.38,,,18.81,,,13.0,139.815681,35.689073,29,50
押上,7.9,9.23,11.13,15.06,10.24,14.01,17.92,,,18.13,,,,,,34,58
雑司が谷,7.19,8.51,11.53,14.22,10.58,11.86,21.68,,,24.83,,,13.0,139.714795,35.720233,14,31
西早稲田,8.0,9.59,11.51,16.27,,12.56,20.43,,,19.96,,,13.0,139.709101,35.708242,11,23
東新宿,9.11,9.9,11.73,18.58,11.67,,19.44,,,25.83,,,13.0,139.707593,35.698915,9,19
北参道,11.56,11.03,12.69,20.88,,,36.42,,,41.4,,,13.0,139.705453,35.67845900000001,4,9
代官山,12.28,12.78,13.55,25.3,16.88,16.11,36.38,,,,,,13.0,139.703284,35.648193,3,4
祐天寺,8.42,10.04,10.83,15.65,11.35,,25.14,,,30.17,,,13.0,139.69075800000002,35.637163,6,13
学芸大学,9.4,9.37,11.61,15.16,,13.58,21.07,,,28.0,,,13.0,139.68522,35.628786,8,17
都立大学,9.84,9.21,12.71,15.56,,17.57,20.55,,,,,,13.0,139.676393,35.617835,10,24
自由が丘,9.38,9.56,12.43,17.58,10.08,14.05,24.62,,,,,,13.0,139.66866399999998,35.607224,11,30
田園調布,8.15,8.25,9.97,14.24,,,20.11,,,,,,13.0,139.667356,35.596815,14,41
多摩川,9.12,7.78,10.31,12.89,,11.6,,,,28.63,,,13.0,139.668723,35.589591,16,46
新丸子,6.91,7.92,9.9,13.69,7.76,10.43,19.56,,,,,,14.0,139.66196399999998,35.58049000000001,18,49
元住吉,7.0,7.43,8.72,12.25,10.2,10.47,15.53,,,,,,14.0,139.654668,35.565698,21,57
日吉,6.17,6.81,7.53,10.56,6.96,9.69,16.83,,,,,,14.0,139.646944,35.5539,23,63
綱島,6.32,6.75,8.17,13.93,,9.36,15.96,,,17.13,,,14.0,139.63491000000002,35.536906,26,78
大倉山,6.97,6.52,9.09,11.39,8.8,9.66,,,11.3,,,,14.0,139.629808,35.52243,28,84
妙蓮寺,5.56,6.2,,10.92,6.4,7.9,12.9,,,,,,14.0,139.633194,35.498779,27,96
白楽,5.42,6.25,7.71,11.45,,9.07,,,12.45,,,,14.0,139.627875,35.489555,29,98
東白楽,5.27,6.35,7.68,11.79,7.46,8.75,,,12.45,,,,14.0,139.62936399999998,35.483523,31,101
反町,6.71,7.56,8.56,11.88,,,16.48,,,,,,14.0,139.625337,35.47474000000001,33,101
池尻大橋,9.66,10.88,12.13,17.32,,12.95,35.07,,,92.77,,,13.0,139.684319,35.65060300000001,2,8
三軒茶屋,9.21,9.84,11.32,17.66,,13.26,24.02,,,27.0,,,13.0,139.670156,35.643716,4,13
駒沢大学,9.19,8.87,10.41,17.1,,13.06,23.65,,,21.79,,,13.0,139.661702,35.633471,7,19
桜新町,8.82,9.02,10.87,14.16,,,22.24,,,27.56,,,13.0,139.644779,35.631666,9,26
用賀,7.98,8.88,10.43,14.42,,,21.19,,,29.22,,,13.0,139.633928,35.626436,12,30
二子玉川,6.65,8.36,9.39,16.67,,,,,,,,,13.0,139.626685,35.611788,14,33
二子新地,6.78,7.62,7.71,12.09,,11.55,,,,,,,14.0,139.62233799999998,35.606994,16,37
高津,7.23,7.37,8.77,12.47,7.6,11.0,12.92,,,17.72,,,14.0,139.616934,35.603248,17,40
溝の口,7.38,7.62,9.56,12.01,,,12.59,,,17.34,,,14.0,139.610487,35.59984,19,46
梶が谷,6.71,6.89,7.73,12.21,,8.18,11.76,,,,,,14.0,139.605885,35.593963,21,50
宮崎台,6.01,6.58,7.16,9.96,,10.5,12.6,,9.03,18.45,,,14.0,139.591313,35.587228,23,56
宮前平,6.19,7.11,,10.3,7.33,9.36,13.77,,10.5,14.44,,,14.0,139.581983,35.58495100000001,25,60
鷺沼,5.91,7.77,7.88,10.74,,8.28,13.49,,10.46,13.37,,,14.0,139.57326799999998,35.579762,27,65
たまプラーザ,8.07,7.2,,13.45,,8.77,18.28,,,22.84,,,14.0,139.558447,35.577427,26,73
あざみ野,6.87,7.51,,9.6,,7.82,15.11,,,20.2,,,14.0,139.55346200000002,35.56864500000001,28,73
江田,6.84,6.78,6.5,9.03,,8.05,,,,15.16,,,14.0,139.551518,35.55867100000001,33,74
市が尾,6.71,6.82,,9.31,,7.8,10.23,,,,,,14.0,139.541496,35.55148300000001,38,80
藤が丘,6.11,6.37,,9.14,,,11.57,,9.27,10.01,,,14.0,139.527655,35.543454,40,88
青葉台,6.04,6.31,12.43,12.5,,8.04,13.89,,,18.11,,,14.0,139.517376,35.542855,33,94
田奈,5.65,5.78,,9.81,,6.46,,,,,,,14.0,139.504855,35.536204,39,101
つくし野,,,,,,,,,,,,,13.0,139.485139,35.52755900000001,40,116
すずかけ台,5.5,6.2,,,,,,,,,,,13.0,139.481684,35.517094,42,122
南町田グランベリーパーク,5.41,5.26,,,,7.56,,,,,,,13.0,139.470318,35.511502,43,130
つきみ野,,5.23,,7.85,,7.3,,,8.6,11.22,,,14.0,139.458651,35.51054600000001,46,132
中央林間,4.76,5.44,5.11,9.77,,7.08,11.5,,,11.25,,,14.0,139.444105,35.508066,43,137
大崎広小路,11.0,8.48,12.11,16.8,11.53,,19.81,,,,,,13.0,139.72233899999998,35.622244,14,22
戸越銀座,8.67,9.39,11.23,15.06,8.56,13.82,20.9,,,,,,13.0,139.714862,35.61592800000001,16,24
荏原中延,8.14,8.97,10.96,13.43,,,15.57,,16.0,,,,13.0,139.712196,35.610056,17,29
旗の台,7.88,8.12,9.76,13.6,10.03,11.69,,,,,,,13.0,139.70228600000002,35.604923,19,31
長原,7.85,8.25,9.42,14.7,,11.59,15.33,,,18.0,,,13.0,139.697881,35.60219,20,33
洗足池,6.47,7.45,8.99,13.94,,11.03,17.64,,,,,,13.0,139.690896,35.59964799999999,22,34
石川台,7.34,7.71,9.07,12.72,9.86,10.92,16.23,,14.04,22.65,,,13.0,139.685063,35.596888,23,37
雪が谷大塚,6.85,7.7,9.14,12.81,9.2,10.46,,,,,,,13.0,139.681083,35.592038,25,40
御嶽山,7.11,7.69,,12.72,,9.96,15.73,,,,,,13.0,139.682473,35.585236,27,42
久が原,6.87,7.69,,13.09,,9.9,14.94,,,,,,13.0,139.685678,35.579499,29,44
千鳥町,6.75,7.52,9.04,13.22,,9.57,,,,,,,13.0,139.69142,35.572983,31,44
池上,7.36,7.91,10.03,11.52,10.56,14.07,13.99,,,,,,13.0,139.702822,35.572025,32,43
蓮沼,7.32,8.61,10.98,13.79,9.25,10.3,15.31,,,17.36,,,13.0,139.708544,35.564173,35,48
下神明,7.46,8.49,11.25,14.87,,,22.29,,,,,,13.0,139.726256,35.608704,21,29
戸越公園,8.25,8.56,11.57,14.15,10.3,11.73,18.31,,,,,,13.0,139.718159,35.608856,25,28
中延,8.08,8.67,10.61,13.71,8.81,11.2,17.8,,,,,,13.0,139.712526,35.60570999999999,16,28
荏原町,7.74,8.29,8.62,14.28,9.3,11.13,16.49,,,,,,13.0,139.707571,35.60382,24,33
北千束,8.49,7.93,11.05,14.17,10.4,11.35,19.35,,,30.22,,,13.0,139.693303,35.606311,18,31
大岡山,8.37,8.63,10.81,15.8,11.8,13.12,20.26,,,,,,13.0,139.685909,35.607456,16,28
緑が丘,7.86,8.58,11.72,15.26,9.0,14.63,21.67,,,29.01,,,13.0,139.679482,35.60638,15,30
九品仏,8.29,8.15,9.18,15.28,,,17.49,,,,,,13.0,139.660992,35.60538,16,35
尾山台,9.34,8.25,9.76,14.02,,11.08,20.26,,,23.3,,,13.0,139.653862,35.606971,17,35
等々力,9.17,7.99,9.11,13.2,,12.5,20.93,,,,,,13.0,139.64793799999998,35.608369,19,32
上野毛,6.41,8.04,8.4,13.73,,,19.27,,,,,,13.0,139.638917,35.61195700000001,20,33
不動前,9.48,9.5,11.77,19.18,12.57,,23.12,,,34.43,,,13.0,139.71469,35.626526,10,17
武蔵小山,9.18,9.14,11.59,16.09,14.62,15.24,20.75,,,27.4,,,13.0,139.704524,35.620538,12,22
西小山,8.67,8.69,11.05,14.2,9.99,12.05,16.58,,,,,,13.0,139.698694,35.615455,15,25
洗足,8.24,8.1,9.98,12.96,10.71,11.77,19.4,,,,,,13.0,139.694367,35.61043,17,29
奥沢,7.19,9.04,11.48,15.47,10.32,14.04,21.55,,,,,,13.0,139.672355,35.603947,16,32
沼部,6.95,7.68,9.91,12.3,,11.39,15.08,,,17.13,,,13.0,139.67326,35.582526,20,45
鵜の木,6.69,7.87,8.66,12.92,,,,,,,,,13.0,139.680554,35.575452,22,48
下丸子,6.82,7.89,7.96,12.31,,,,,,,,,13.0,139.685576,35.571397,24,46
武蔵新田,6.86,7.57,8.86,11.2,8.35,10.01,13.98,,,,,,13.0,139.692506,35.567806,25,45
矢口渡,6.89,7.95,9.08,12.09,,11.35,15.83,,,17.88,,,13.0,139.700389,35.562462,27,46
西太子堂,7.59,9.92,10.0,16.42,,12.69,23.17,,,,,,13.0,139.666382,35.644545,13,17
若林,6.86,8.61,9.93,13.25,,,24.78,,,33.25,,,13.0,139.65991100000002,35.645933,15,19
松陰神社前,7.49,8.34,9.58,13.91,,12.96,22.43,,,,,,13.0,139.655211,35.643947,17,22
世田谷,7.29,8.08,9.32,13.18,,11.54,20.58,,,,,,13.0,139.650945,35.64356400000001,19,22
上町,6.48,7.51,8.38,13.15,8.43,11.3,21.8,,,18.48,,,13.0,139.646276,35.643656,20,23
宮の坂,6.32,6.91,9.68,14.26,,,,,,,,,13.0,139.64494,35.647508,23,26
山下,6.25,7.45,8.2,16.82,9.52,11.08,,,,,,,13.0,139.646509,35.653844,18,24
松原,7.01,6.99,,13.15,,9.94,15.5,,,,,,13.0,139.642,35.660048,19,28
下高井戸,6.24,7.24,9.05,14.25,9.62,10.32,19.73,,,,,,13.0,139.641372,35.66615,14,26
椎名町,6.88,8.13,9.84,13.21,8.5,10.97,,,,23.89,,,13.0,139.69436299999998,35.726572,20,36
東長崎,6.47,7.84,8.73,12.97,,10.35,,,,23.86,,,13.0,139.683294,35.73003,22,40
江古田,6.81,6.97,10.51,11.31,,10.2,,,,,,,13.0,139.672814,35.737557,27,43
桜台,6.54,7.45,8.5,11.69,9.01,10.73,12.53,,,,,,13.0,139.662602,35.738797,29,47
練馬,6.73,7.6,9.51,12.32,8.9,10.91,16.25,,,,,,13.0,139.654368,35.737893,28,49
中村橋,6.33,7.04,8.48,11.4,7.24,13.57,,,,,,,13.0,139.637456,35.736767,30,51
富士見台,5.8,6.98,7.93,11.06,,9.78,13.29,,,,,,13.0,139.62968999999998,35.735867,32,52
練馬高野台,6.18,6.43,9.52,10.7,,9.36,14.73,,,14.76,,,13.0,139.616749,35.74062199999999,34,61
石神井公園,6.77,6.98,8.91,12.43,,8.73,15.16,,,,,,13.0,139.60698100000002,35.743563,29,64
大泉学園,6.32,7.01,7.94,10.03,,,13.38,,,,,,13.0,139.586732,35.749406,34,71
保谷,4.89,6.21,6.6,11.93,,,12.11,,9.6,13.74,,,13.0,139.567753,35.748222,36,78
ひばりヶ丘,5.47,6.63,8.23,8.48,,7.66,,,,,,,13.0,139.545852,35.75148499999999,35,87
東久留米,4.78,5.79,8.16,,,7.98,10.37,,,14.64,,,13.0,139.533739,35.76044500000001,39,92
清瀬,4.93,5.89,,9.05,,,10.96,,,,,,13.0,139.519917,35.772221,42,107
秋津,5.3,5.64,,9.0,,6.35,8.05,,,,,,13.0,139.49653899999998,35.77861400000001,44,111
所沢,4.81,5.4,6.22,8.29,,6.94,11.9,,8.34,,,,11.0,139.473324,35.786627,43,120
西所沢,5.3,5.41,,7.76,,6.17,,,,,,,11.0,139.455959,35.78930300000001,47,124
小手指,3.88,6.17,,9.3,,5.99,7.94,,,,,,11.0,139.438016,35.800535,49,134
狭山ヶ丘,4.37,5.16,,7.03,,5.48,7.46,,,8.44,,,11.0,139.416975,35.810445,52,153
武蔵藤沢,,5.02,,7.45,,5.18,7.43,,,,,,11.0,139.41273600000002,35.820963,54,160
稲荷山公園,,,,,,,,,,,,,11.0,139.39842,35.845112,57,174
入間市,,5.06,,,,,,,,,,,11.0,139.39029399999998,35.842904,58,173
仏子,,4.17,,,,,,,,,,,11.0,139.36011499999998,35.83769,62,175
元加治,,4.07,,7.33,,5.32,6.72,,,,,,11.0,139.345316,35.84058,64,183
飯能,4.11,5.12,,,,5.3,,,,,,,11.0,139.318824,35.851189,68,198
西武新宿,7.46,8.71,12.76,,,,,,,,,,13.0,139.7,35.696254,10,19
下落合,7.27,8.31,10.05,13.92,11.84,11.82,20.07,,,,,,13.0,139.695391,35.715846,19,30
中井,6.49,8.06,10.03,12.7,9.75,11.6,17.44,,,,,,13.0,139.68696699999998,35.715106,21,29
新井薬師前,7.03,7.73,9.91,12.73,8.84,11.49,16.68,,,,,,13.0,139.672582,35.715778,23,35
沼袋,6.09,7.26,9.29,11.95,9.4,11.57,18.91,,,15.0,,,13.0,139.663841,35.719458,25,37
野方,6.19,7.23,8.48,11.47,,10.77,15.84,,,,,,13.0,139.652733,35.719658,27,38
都立家政,5.95,7.12,8.78,11.23,,10.01,14.1,,,,,,13.0,139.644839,35.722313,28,41
鷺ノ宮,6.17,7.28,8.89,11.28,8.32,9.7,14.21,,,,,,13.0,139.63891999999998,35.722605,26,45
下井草,6.4,6.97,8.35,11.08,,9.76,13.96,,,,,,13.0,139.624688,35.723852,29,48
井荻,6.76,6.77,9.49,12.63,12.05,8.99,16.4,,,16.25,,,13.0,139.615303,35.72469,31,51
上井草,5.87,6.44,,9.25,6.6,9.21,11.93,,,,,,13.0,139.602937,35.725326,33,56
上石神井,6.67,7.19,8.72,9.5,8.35,9.97,10.9,,11.97,,,,13.0,139.592266,35.726189,31,61
武蔵関,6.68,6.55,8.63,11.06,,9.19,14.25,,,14.92,,,13.0,139.576417,35.7276,33,66
東伏見,5.65,6.71,9.48,9.52,6.5,7.89,,,,,,,13.0,139.56352900000002,35.728761,35,72
西武柳沢,4.93,5.96,6.65,8.03,,7.67,8.68,,,,,,13.0,139.552477,35.72862100000001,37,75
田無,5.51,6.24,7.71,9.15,,7.6,11.86,,,12.15,,,13.0,139.53925900000002,35.727307,39,76
花小金井,5.68,5.8,,9.87,,7.16,15.99,,,14.08,,,13.0,139.513228,35.726129,42,80
小平,4.08,4.88,,8.98,,7.0,,,,,,,13.0,139.48849099999998,35.736963,46,92
久米川,4.73,6.65,,8.95,,,15.5,,,,,,13.0,139.472653,35.749575,48,105
東村山,4.41,4.92,,,,7.33,,,,,,,13.0,139.465839,35.76006,54,113
航空公園,4.22,5.1,,7.64,,,7.85,,,,,,11.0,139.465641,35.798272,54,130
新所沢,4.34,5.76,,7.85,7.18,8.2,,,,,,,11.0,139.457069,35.805854,56,135
入曽,3.65,5.32,,7.3,,5.83,,,,,,,11.0,139.427304,35.832481,60,151
狭山市,3.4,4.62,,7.12,,6.88,8.71,,,,,,11.0,139.413015,35.856936,63,168
新狭山,3.54,5.08,6.93,,,,,,,8.25,,,11.0,139.433499,35.873993,58,167
南大塚,,4.76,,6.01,,,7.16,,,,,,11.0,139.454189,35.889663,55,174
本川越,5.3,5.3,7.08,8.37,5.95,6.81,,,,,,,11.0,139.481125,35.913524,48,175
萩山,3.75,4.22,,,,,9.25,,,,,,13.0,139.476903,35.74075900000001,48,96
小川,4.36,6.04,,7.32,,6.77,,,,,,,13.0,139.463493,35.737573,51,104
東大和市,3.72,4.96,,,6.77,7.02,8.05,,,,,,13.0,139.434249,35.73282899999999,54,110
玉川上水,4.04,4.36,,8.57,,6.87,,,,,,,13.0,139.41843500000002,35.731751,57,116
武蔵砂川,4.99,5.21,,6.85,,6.07,7.89,,,7.43,,,13.0,139.392319,35.728876,60,127
西武立川,,4.8,,7.3,,,,,,8.21,,,13.0,139.370124,35.7262,62,141
新桜台,5.96,7.1,9.4,12.24,7.89,9.47,,,,,,,13.0,139.6683,35.74077,25,47
一橋学園,4.32,5.18,6.79,8.5,,6.97,8.43,,,11.17,,,13.0,139.48003899999998,35.72217,46,95
青梅街道,4.45,5.28,,,,7.21,8.31,,,,,,13.0,139.476628,35.73097999999999,48,95
八坂,3.79,6.46,,8.77,,7.12,,,8.23,,,,13.0,139.467676,35.744925,51,101
武蔵大和,,4.44,,6.3,,5.68,7.4,,,,,,13.0,139.444008,35.756427,55,113
多摩湖,,,,,,,,,,,,,13.0,139.442747,35.765881,57,117
新小金井,5.84,5.88,6.8,9.8,,8.32,,,,,,,13.0,139.526603,35.695908,39,76
多磨,4.85,5.82,,8.8,,7.01,,,,,,,13.0,139.51713,35.67682100000001,42,74
白糸台,4.68,6.42,,8.58,7.2,7.89,9.72,,,,,,13.0,139.509862,35.666517,36,73
競艇場前,,5.02,,8.33,5.84,,,,,,,,13.0,139.499721,35.656232,46,80
是政,,5.26,,8.64,,,12.6,,,,,,13.0,139.48859199999998,35.656242,49,85
恋ヶ窪,5.18,6.17,8.53,7.99,,6.9,,,,,,,13.0,139.463944,35.711385,44,103
鷹の台,3.93,5.4,,8.5,,,,,,,,,13.0,139.461155,35.723097,46,103
豊島園,6.62,6.85,8.97,15.16,,9.56,20.09,,,18.44,,,13.0,139.647979,35.742054,33,53
西武園ゆうえんち,,,,,,,,,,,,,11.0,139.440166,35.769042,63,120
西武球場前,,,,,,,,,,,,,11.0,139.41966000000002,35.77093,56,130
西武園,,,,,,,,,,,,,13.0,139.448904,35.767684,66,120
新宿西口,11.49,9.81,,,,,,,,,,,13.0,139.69915500000002,35.69331500000001,10,17
若松河田,7.91,9.33,10.96,19.38,13.4,14.26,29.88,,,28.55,,,13.0,139.718184,35.699218,17,23
牛込柳町,9.68,9.47,12.51,19.32,,,28.06,,,33.61,,,13.0,139.725027,35.699518,18,22
牛込神楽坂,10.66,10.04,13.2,20.19,15.13,,28.87,,,50.88,,,13.0,139.735802,35.700851,21,26
春日,9.36,9.26,12.94,17.95,8.5,19.64,25.93,,23.2,39.42,,,13.0,139.75325,35.709598,23,34
上野御徒町,10.67,9.51,,16.69,,,,,,,,,13.0,139.77433200000002,35.707893,29,43
新御徒町,8.93,10.12,12.33,15.61,,16.77,20.32,,,26.03,,,13.0,139.781958,35.707045,31,47
蔵前,9.37,9.94,12.0,16.18,10.69,17.46,20.13,,,25.92,,,13.0,139.790931,35.703236,32,47
森下,8.58,9.32,11.51,15.21,9.31,11.33,19.09,,,25.77,,,13.0,139.797042,35.68796,27,43
勝どき,12.02,10.12,14.74,18.44,12.86,15.43,26.56,,,26.5,,,13.0,139.776442,35.658507,25,41
築地市場,11.69,10.47,14.49,18.56,,,22.94,,,,,,13.0,139.76691499999998,35.664895,23,35
汐留,14.02,12.31,,22.76,,18.33,29.51,,,,,,13.0,139.760642,35.66370300000001,20,30
大門,12.21,11.39,16.6,19.55,,19.67,31.58,,,29.61,,,13.0,139.75466,35.656785,18,26
赤羽橋,11.78,11.58,14.49,23.59,11.76,16.41,39.55,,,88.75,,,13.0,139.743642,35.655007,15,21
国立競技場,11.83,12.57,14.25,23.97,,,29.96,,,,,,13.0,139.714932,35.679831,10,11
都庁前,9.39,10.02,11.79,22.91,,,29.84,,,,,,13.0,139.69257,35.690551,13,16
西新宿五丁目,8.73,9.15,11.84,16.47,8.55,13.1,23.84,,,29.69,,,13.0,139.684304,35.689798,16,17
落合南長崎,6.83,7.82,8.99,12.85,9.22,10.63,13.7,,,,,,13.0,139.683303,35.723608,24,35
新江古田,6.9,7.33,9.69,14.77,8.81,10.98,15.68,,,21.27,,,13.0,139.67065300000002,35.732538,27,41
練馬春日町,6.52,7.46,10.09,12.19,,9.32,14.17,,,,,,13.0,139.64023600000002,35.751452,34,58
光が丘,6.96,6.59,,10.36,,,,,,,,,13.0,139.628603,35.758526,36,66
三田,10.77,10.48,14.22,19.96,,15.27,32.61,,,43.8,,,13.0,139.748775,35.64818,18,19
芝公園,12.3,10.48,13.81,20.07,,,30.85,,,,,,13.0,139.749824,35.654074,20,23
御成門,11.99,10.97,16.59,21.68,,,34.25,,,,,,13.0,139.75153500000002,35.66121500000001,22,24
内幸町,12.35,10.84,12.12,,,,,,,,,,13.0,139.75561000000002,35.66975,16,26
白山,8.61,8.45,12.65,15.76,8.87,12.05,23.03,,,35.2,,,13.0,139.752136,35.72140800000001,25,43
千石,8.38,8.92,10.36,15.67,10.01,13.07,20.29,15.93,,,,,13.0,139.744792,35.727957,20,45
西巣鴨,6.97,7.97,9.28,12.72,8.98,12.2,18.15,,,,,,13.0,139.728712,35.743508,16,42
新板橋,6.3,8.56,9.3,12.71,9.23,9.93,21.22,,,,13.5,,13.0,139.720101,35.748785,14,45
板橋区役所前,7.1,7.89,9.28,12.94,8.27,10.55,14.08,,,18.59,,,13.0,139.710102,35.75128400000001,16,49
板橋本町,6.48,7.62,9.08,11.35,8.52,10.99,15.91,,,23.17,,,13.0,139.705535,35.761339,18,52
本蓮沼,6.35,7.1,10.13,12.61,9.12,10.45,16.62,,11.17,18.83,,,13.0,139.702324,35.768782,20,56
志村坂上,6.44,7.01,9.96,12.24,8.18,8.28,16.25,,,16.91,,,13.0,139.69538,35.775725,22,60
志村三丁目,5.7,7.03,8.3,9.81,7.11,8.37,11.58,,,15.08,,,13.0,139.68593700000002,35.77739099999999,24,62
蓮根,6.33,7.24,8.72,10.81,6.78,8.32,14.56,,,13.93,,,13.0,139.678993,35.784335,26,67
西台,6.46,7.27,7.82,11.2,6.91,7.71,13.48,,,13.88,,,13.0,139.673971,35.78699,28,70
高島平,6.87,7.2,8.07,9.74,7.24,8.67,,,9.66,,,,13.0,139.661216,35.789056,30,74
新高島平,4.98,6.89,7.93,10.91,6.62,8.9,9.82,,9.66,,,,13.0,139.654275,35.790189,34,76
西高島平,6.29,7.17,8.37,,,7.32,,,,10.39,,,13.0,139.64594,35.79183300000001,36,80
曙橋,9.0,10.01,13.27,18.93,,,27.33,,,,,,13.0,139.722881,35.692402,16,20
市ヶ谷,9.6,10.04,14.63,19.08,13.74,,31.06,,,57.83,,,13.0,139.737639,35.691556,16,23
岩本町,10.29,10.31,14.27,17.04,,19.53,24.13,,,,,,13.0,139.77586599999998,35.695534,22,38
馬喰横山,10.06,10.08,15.04,17.17,,17.44,22.79,,17.5,,,,13.0,139.782768,35.69212,24,39
浜町,10.67,9.94,12.3,17.74,,16.3,24.74,,,,,,13.0,139.788154,35.688516,25,41
菊川,8.52,9.18,11.78,14.5,10.91,12.93,18.84,,,,,,13.0,139.806016,35.688379,29,46
西大島,7.89,8.43,10.01,11.64,9.89,11.24,16.37,,,16.01,,,13.0,139.826206,35.689349,32,54
大島,7.37,8.87,8.64,11.87,8.82,9.67,14.18,,,16.82,,,13.0,139.83565,35.689905,34,57
東大島,6.32,8.9,,10.05,8.58,,,,,,,13.9,13.0,139.84596299999998,35.690355,36,63
船堀,6.24,7.58,,11.11,,8.69,12.23,,,,,,13.0,139.864258,35.683795,39,74
一之江,6.23,6.7,7.34,12.31,,8.44,14.01,,,,,,13.0,139.882934,35.686055,42,84
瑞江,6.65,6.49,7.23,10.84,,8.78,11.91,,,12.79,,,13.0,139.89761,35.693318,44,90
篠崎,6.06,6.62,7.57,10.41,,8.33,11.77,,10.7,,,,13.0,139.903698,35.706017,47,88
西馬込,8.2,8.06,10.22,13.41,,12.14,18.29,,,20.78,,,13.0,139.705942,35.58685900000001,20,35
馬込,7.81,7.97,10.22,13.6,12.11,11.18,14.49,,,,,,13.0,139.711772,35.596435,18,31
戸越,8.74,9.41,11.63,14.98,9.83,13.81,21.05,,,,,,13.0,139.716495,35.61463300000001,15,24
高輪台,10.15,9.7,13.54,17.88,18.72,,29.68,,,41.39,,,13.0,139.73030500000002,35.631679,14,18
泉岳寺,12.48,10.78,15.04,20.67,,,26.88,,,,,,13.0,139.74002,35.638692,19,19
宝町,9.57,10.02,14.54,17.93,,,26.55,,,,,,13.0,139.77176699999998,35.675461,25,31
東日本橋,8.81,10.25,12.21,16.9,,18.83,24.44,,,,,,13.0,139.784821,35.692126,29,40
本所吾妻橋,9.15,9.62,10.39,16.02,,11.56,17.58,,,20.6,,,13.0,139.804624,35.70858,35,55
三ノ輪橋,7.71,8.02,9.03,13.67,,10.03,14.96,,,,,,13.0,139.791412,35.732248,38,57
荒川一中前,6.29,7.74,7.88,12.98,,,,,,,,,13.0,139.788988,35.733659,41,58
荒川区役所前,,7.93,7.74,12.99,,,14.6,,,,,,13.0,139.78645600000002,35.73493,40,61
荒川二丁目,,7.67,,,,,,,,,,,13.0,139.784696,35.738623,39,60
荒川七丁目,5.92,7.89,,,,,,,,,,,13.0,139.78417,35.741975,38,62
町屋駅前,6.33,7.34,,10.42,,,,,,,,,13.0,139.781145,35.74275,35,59
町屋二丁目,6.19,7.03,,,,,,,,,,,13.0,139.776625,35.743837,38,61
東尾久三丁目,6.17,6.78,7.61,,,,,,,,,,13.0,139.77438600000002,35.745398,39,61
熊野前,5.92,7.03,7.82,12.69,,8.97,14.2,,11.8,,,,13.0,139.769204,35.749212,33,60
宮ノ前,6.26,6.99,,10.58,6.38,,,,,,,,13.0,139.764955,35.750135,43,60
小台,5.98,6.72,7.5,10.33,7.65,8.87,,,,,,,13.0,139.761779,35.75057899999999,37,59
荒川遊園地前,5.14,7.3,,11.23,,9.0,,,,,,,13.0,139.757767,35.750744,39,57
荒川車庫前,6.24,7.14,,10.2,,,,,,,,,13.0,139.752617,35.750909,37,55
梶原,6.11,6.31,,,,,,,,,,,13.0,139.747403,35.751162,33,51
栄町,6.6,6.65,,10.41,,,,,,,,,13.0,139.742124,35.750909,32,50
王子駅前,6.86,8.32,,,,,,,,,,,13.0,139.737661,35.753199,31,48
飛鳥山,7.32,8.41,7.23,,,,,,,,,,13.0,139.737382,35.750248,27,47
滝野川一丁目,5.94,7.2,,13.07,,,,,,,,,13.0,139.735376,35.747374,26,46
西ヶ原四丁目,6.68,8.06,,12.61,,,,,,,,,13.0,139.732779,35.744501,25,44
新庚申塚,6.7,7.58,,,,,,,,,,,13.0,139.730451,35.74134799999999,22,43
庚申塚,7.22,9.08,11.57,11.8,,,,,,,,,13.0,139.72974299999998,35.73956300000001,21,43
巣鴨新田,7.35,8.08,9.35,13.77,,10.08,19.61,,,,,,13.0,139.727769,35.73548800000001,20,41
大塚駅前,7.46,8.65,9.66,13.81,,11.53,,,,,,,13.0,139.729593,35.732082,19,41
向原,6.89,8.28,11.79,15.55,9.85,10.78,,,,,,,13.0,139.724894,35.728938,22,40
東池袋四丁目,,8.95,,,,,,,,,,,13.0,139.720012,35.72528,19,35
都電雑司ヶ谷,6.44,8.53,,,,,,,,,,,13.0,139.718006,35.724261,17,33
鬼子母神前,,8.32,,,,,,,,,,,13.0,139.714916,35.72040300000001,15,31
学習院下,7.59,9.55,,,,,,,,,,,13.0,139.71247,35.716248,18,28
面影橋,7.65,7.91,,14.69,,,,,,,,,13.0,139.714444,35.712981,20,28
赤土小学校前,6.99,8.73,8.7,11.8,8.15,10.38,15.43,,,,,,13.0,139.76898899999998,35.74245399999999,31,59
足立小台,4.95,7.15,,,,8.87,,,,,,,13.0,139.770381,35.754658,34,64
扇大橋,6.85,6.53,,10.46,,8.26,9.74,,,,,,13.0,139.77080800000002,35.763897,36,68
高野,7.59,6.11,7.5,10.02,,7.89,12.91,,,,,,13.0,139.770679,35.76835900000001,1155,68
江北,6.23,6.79,8.16,9.13,,7.03,12.9,,,,,,13.0,139.770306,35.77402100000001,39,72
西新井大師西,5.75,6.74,7.64,9.43,,7.9,,,,,,,13.0,139.770094,35.781505,40,74
谷在家,5.35,6.58,7.97,9.07,,7.38,,,,,,,13.0,139.770043,35.788774,42,77
舎人公園,5.97,6.4,8.3,8.49,,,9.98,,,,,,13.0,139.770183,35.79623,44,85
舎人,6.73,6.31,,8.4,7.79,8.33,9.37,,,,,,13.0,139.770108,35.8057,46,87
見沼代親水公園,5.51,5.83,,8.38,7.9,9.22,,,,11.66,,,13.0,139.770719,35.814544,48,88
初台,8.87,9.67,13.35,17.65,12.48,15.88,28.41,,,,,,13.0,139.686354,35.68123,17,13
幡ヶ谷,8.74,8.78,13.07,15.36,,,18.65,,,,,,13.0,139.676183,35.677061,18,15
笹塚,8.45,8.86,12.69,16.27,8.77,12.32,21.73,,,33.18,,,13.0,139.667251,35.673758,14,16
代田橋,7.14,8.55,10.81,14.62,10.68,10.66,17.63,,,,,,13.0,139.659413,35.671092,13,18
明大前,7.02,7.8,10.14,14.68,9.83,9.87,22.91,,,27.82,,,13.0,139.650352,35.66875800000001,10,21
桜上水,6.67,7.63,9.51,13.66,,11.0,,,,,,,13.0,139.63128999999998,35.66768,16,29
上北沢,6.68,7.78,9.13,12.81,,11.65,,,,,,,13.0,139.62329,35.668857,19,31
八幡山,6.45,7.35,9.12,11.89,9.04,10.37,16.27,,,,,,13.0,139.614927,35.669982,21,34
芦花公園,5.96,7.47,10.31,12.95,,10.71,15.76,,,,,,13.0,139.608247,35.670479,23,38
千歳烏山,7.15,7.7,10.24,12.36,8.69,10.01,17.62,,,,,,13.0,139.60067,35.667921,17,41
仙川,7.53,7.04,9.74,11.91,9.8,10.17,14.83,,,18.5,,,13.0,139.584908,35.66225700000001,21,45
つつじヶ丘,6.61,6.77,8.43,11.32,,10.68,13.82,,,16.73,,,13.0,139.575103,35.657936,23,48
柴崎,5.66,6.43,8.1,10.68,,9.6,12.2,,,17.48,,,13.0,139.56658000000002,35.653997,31,51
国領,5.51,6.51,,10.74,,9.34,14.88,,8.16,,,,13.0,139.55803600000002,35.650087,32,54
布田,5.88,6.6,6.38,10.68,7.85,9.25,15.48,,11.58,13.29,,,13.0,139.551557,35.649904,34,57
調布,6.31,6.87,7.68,13.8,8.38,9.97,,,,17.75,,,13.0,139.54398799999998,35.652181,23,59
西調布,5.26,5.99,5.84,10.09,,7.44,,,,11.87,,,13.0,139.529822,35.657169,32,64
飛田給,6.22,6.06,6.44,,6.95,8.03,11.58,,,16.67,,,13.0,139.523666,35.66012100000001,33,67
武蔵野台,5.04,5.84,7.5,8.87,7.28,7.89,10.24,,8.5,,,,13.0,139.51128899999998,35.66415900000001,35,73
多磨霊園,4.48,5.93,,9.31,,8.51,10.39,,,,,,13.0,139.502615,35.666197,37,76
東府中,4.23,6.23,6.43,10.03,,7.85,10.56,,,,,,13.0,139.495257,35.668766,38,78
府中,6.39,7.05,6.83,10.92,,9.06,12.27,,,14.56,,,13.0,139.4799,35.67224500000001,32,83
中河原,5.65,5.94,,8.89,,7.57,,,,,,,13.0,139.457602,35.659549,39,97
聖蹟桜ヶ丘,5.5,6.16,,9.44,,,12.53,,,16.92,,,13.0,139.446979,35.65081400000001,38,100
百草園,3.76,4.54,,8.15,,6.39,,,,,,,13.0,139.431285,35.657362,43,106
高幡不動,4.34,5.0,6.28,8.62,,7.12,,,8.33,9.26,,,13.0,139.41295300000002,35.662361,42,112
南平,6.23,4.98,4.71,7.7,6.45,,8.01,,8.57,10.31,,,13.0,139.392008,35.654559000000006,49,123
平山城址公園,3.8,4.73,,7.61,,6.7,8.85,,,,,,13.0,139.379926,35.647371,51,128
長沼,3.53,4.31,7.1,7.5,,,8.39,,10.78,9.49,,,13.0,139.365849,35.642788,53,135
北野,4.38,5.13,,7.61,6.69,,10.7,,7.57,10.95,,,13.0,139.354489,35.644479,47,141
京王八王子,4.63,6.21,7.54,10.94,6.27,7.16,12.06,,7.97,,,,13.0,139.343851,35.657416,51,142
神泉,10.78,12.23,13.97,20.74,,,31.21,,,86.9,,,13.0,139.693579,35.657244,1,3
駒場東大前,9.13,9.46,12.93,19.8,,,30.24,,,,,,13.0,139.68430800000002,35.65868,2,6
池ノ上,8.14,8.22,9.99,15.42,10.36,,23.93,,,29.33,,,13.0,139.67344,35.66040200000001,4,13
下北沢,9.87,8.7,9.88,19.59,10.1,,26.87,,,41.99,,,13.0,139.66691,35.66153900000001,6,17
新代田,8.63,8.08,7.15,20.84,9.21,,28.62,,,,,,13.0,139.660524,35.662593,7,19
東松原,7.14,7.44,9.42,13.8,,12.49,,,,,,,13.0,139.655535,35.66263400000001,8,21
永福町,6.72,7.61,10.07,13.05,8.67,11.68,18.86,,,19.98,,,13.0,139.64273300000002,35.67629,13,25
西永福,6.91,7.34,9.4,12.9,6.65,11.16,19.5,,14.3,22.33,,,13.0,139.634936,35.678918,14,29
浜田山,6.46,7.58,9.17,14.22,,,17.79,,,24.55,,,13.0,139.627528,35.681603,15,33
高井戸,6.75,7.51,8.48,11.99,,,15.75,,,,,,13.0,139.615115,35.683253,17,39
富士見ヶ丘,6.17,7.14,,11.94,,9.91,,,,,,,13.0,139.607072,35.684805,19,42
久我山,6.48,7.15,10.05,12.56,,11.51,16.16,,,19.5,,,13.0,139.599211,35.688138,18,45
三鷹台,5.9,6.58,6.66,11.43,7.8,11.14,13.72,,,19.8,,,13.0,139.589298,35.69204600000001,23,49
井の頭公園,6.44,7.0,9.23,14.44,9.2,,17.88,,,,,,13.0,139.583112,35.69730399999999,24,53
京王多摩川,5.34,6.28,7.45,10.28,7.89,7.85,11.85,,,,,,13.0,139.536606,35.644499,28,65
京王稲田堤,4.84,5.67,5.71,8.48,6.91,7.47,9.83,,9.52,,,,14.0,139.531099,35.633895,29,68
京王よみうりランド,3.96,5.1,6.55,8.08,,,9.74,,,,,,13.0,139.517597,35.63293400000001,31,74
稲城,4.11,5.3,,9.29,,7.22,12.96,,,9.74,,,13.0,139.500398,35.636166,34,80
若葉台,,5.73,,11.85,,,13.11,,,,,,14.0,139.472189,35.619325,37,98
京王永山,5.68,5.26,,9.26,,6.85,11.95,,,,,,13.0,139.448204,35.630102,40,109
京王多摩センター,5.89,6.56,,,,,,,,14.67,,,13.0,139.42401999999998,35.62518,43,117
京王堀之内,4.58,4.66,,9.28,,,,,,8.85,,,13.0,139.40031399999998,35.624438,47,128
南大沢,4.15,4.69,6.42,9.03,,,8.3,,,12.66,,,13.0,139.3798,35.6141,49,135
多摩境,5.83,5.16,,8.12,,,,,6.67,,,,13.0,139.36698700000002,35.601826,51,146
京王片倉,3.97,4.6,4.67,7.7,5.76,6.29,8.96,,7.98,,,,13.0,139.337035,35.644343,51,152
山田,3.97,3.99,,6.65,,,,,7.8,,,,13.0,139.32108200000002,35.644411,53,158
めじろ台,4.38,5.48,,,,7.33,,,,,,,13.0,139.308446,35.64360100000001,54,165
狭間,4.07,4.4,3.81,,,6.54,,,7.38,10.06,,,13.0,139.293808,35.640637,56,169
高尾山口,,,,,,,,,,,,,13.0,139.269856,35.63237700000001,62,176
多摩動物公園,2.69,4.3,,,3.6,,,,,,,,13.0,139.404627,35.64921500000001,49,121
府中競馬正門前,6.18,6.72,,11.4,,8.37,,,,,,,13.0,139.485019,35.66828800000001,43,82
京成上野,6.84,,,16.68,,,,,,,,,13.0,139.773571,35.711232,31,43
新三河島,6.83,7.72,8.69,12.69,7.21,10.31,15.4,,,19.68,,,13.0,139.77383400000002,35.73714000000001,36,56
京成町屋,6.18,7.24,7.8,12.0,8.71,10.46,,,,,,,,,,35,59
千住大橋,6.31,7.63,8.41,11.87,7.72,8.41,12.6,,,,,,13.0,139.79693400000002,35.74243,40,61
京成関屋,6.26,7.24,8.15,10.94,6.73,8.71,13.16,,,,,,13.0,139.81183,35.744008,45,68
堀切菖蒲園,5.89,6.24,7.29,9.34,6.64,7.63,10.02,,12.0,,,,13.0,139.827545,35.747649,47,72
お花茶屋,6.28,7.14,,,,8.14,11.1,,,13.03,,,13.0,139.83988,35.747585,49,77
青砥,7.17,7.29,7.71,10.19,7.25,9.53,12.94,,,,,,13.0,139.856292,35.745883,45,82
京成高砂,5.96,6.72,7.18,9.19,5.82,7.98,10.39,,10.54,,,,13.0,139.866875,35.750932,48,87
京成小岩,5.89,6.52,7.04,8.76,6.82,8.48,11.52,,10.66,,,,13.0,139.88371,35.742158,56,94
江戸川,5.93,6.12,6.02,8.84,,8.84,,,,15.0,,,13.0,139.896226,35.73772299999999,58,93
国府台,6.5,6.04,5.84,7.81,6.54,7.45,16.2,,13.0,21.64,,,12.0,139.90322,35.736301,49,99
市川真間,6.32,6.41,7.04,9.62,7.06,8.34,11.55,,,,,,12.0,139.91171699999998,35.73121,52,100
菅野,4.83,5.13,7.18,8.76,6.24,6.3,,,,,,,12.0,139.919413,35.728272,62,104
京成八幡,6.36,6.72,7.89,9.64,7.12,8.57,10.98,,9.55,,,,12.0,139.92816000000002,35.723811,48,106
鬼越,5.65,5.9,6.47,9.59,6.41,7.36,10.17,,,,,,12.0,139.93793200000002,35.719776,58,110
京成中山,5.17,6.49,7.87,9.43,5.58,6.7,,,,12.63,,,12.0,139.94420300000002,35.716998,59,112
東中山,4.75,6.07,7.43,8.27,,6.69,11.13,,,13.2,,,12.0,139.952683,35.714385,55,116
京成西船,6.42,6.49,7.78,9.59,7.22,8.93,,,8.24,,,,12.0,139.95886299999998,35.711627,53,118
海神,7.02,6.09,,8.08,5.72,6.15,9.72,,,10.98,,,12.0,139.97188799999998,35.705888,55,126
京成船橋,6.18,6.63,7.05,11.58,5.82,8.11,12.88,6.77,,16.87,,,12.0,139.985451,35.700161,49,132
大神宮下,5.42,5.85,6.92,9.01,7.25,7.26,,,,,,,12.0,139.991431,35.693945,56,138
船橋競馬場,5.14,6.14,,8.79,5.45,,8.82,,,,,,12.0,139.997998,35.689606,53,133
谷津,5.75,5.54,,8.31,5.59,,,,8.5,10.71,,,12.0,140.00765800000002,35.685257,59,136
京成津田沼,5.94,5.69,6.57,9.92,,7.03,10.9,,,12.15,,,12.0,140.024823,35.68364000000001,56,145
京成大久保,4.52,4.8,5.85,8.3,,6.78,8.48,,,,,,12.0,140.048629,35.68601599999999,60,157
実籾,4.77,4.46,,7.8,,,,,,,,,12.0,140.068289,35.686852,62,167
八千代台,4.59,6.1,4.63,6.36,,,6.87,,,,,,12.0,140.09094199999998,35.701465,65,183
京成大和田,5.19,4.06,4.6,6.37,,4.95,6.77,,5.87,,,,12.0,140.108578,35.71230900000001,68,190
勝田台,,5.15,4.45,7.21,5.08,,7.56,,6.05,,,,12.0,140.126053,35.715445,70,197
志津,3.17,4.17,,6.88,,5.12,6.85,,6.23,8.54,,,12.0,140.144982,35.717406,72,207
ユーカリが丘,4.08,3.83,,6.83,,,,,,,,,12.0,140.156354,35.721801,73,209
京成臼井,,4.84,,6.54,,,,,6.4,,,,12.0,140.180796,35.730017,76,222
京成佐倉,,5.05,,7.43,,,6.13,,,,,,12.0,140.229633,35.72520499999999,82,244
大佐倉,,,,,,,,,,,,,12.0,140.25079,35.729908,89,255
京成酒々井,,5.12,,,,5.53,,,,,,,12.0,140.27013200000002,35.736867,91,260
宗吾参道,5.9,5.31,,6.05,,4.6,,,,,,,12.0,140.280975,35.752669,93,267
公津の杜,,6.26,6.9,7.44,,6.48,8.38,,,,,,12.0,140.294904,35.760446,96,278
京成成田,12.91,6.12,,6.88,,6.01,,,,,,,12.0,140.315473,35.776308,99,292
東成田,,,,,,,,,,,,,12.0,140.387225,35.770091,112,313
空港第２ビル,,,,,,,,,,,,,,,,108,312
成田空港,,,,,,,,,,,,,,,,111,318
京成曳舟,6.97,7.67,8.88,12.26,,9.35,18.64,,,,,,13.0,139.82001200000002,35.718441,40,65
八広,6.85,7.7,9.06,12.45,,8.94,,,,,,,13.0,139.828738,35.727687,41,68
四ツ木,6.01,6.88,8.5,9.92,6.77,10.18,10.24,,,14.15,,,13.0,139.834918,35.731962,43,73
京成立石,5.85,6.91,7.44,8.76,6.54,8.61,11.39,,,,,,13.0,139.848558,35.738281,45,77
柴又,5.43,6.1,7.14,8.74,,7.6,10.36,,,,,,13.0,139.87518799999998,35.75632299999999,55,95
京成金町,5.26,6.13,6.49,9.98,6.17,7.76,10.3,,,13.54,,,13.0,139.87038700000002,35.76847100000001,58,90
新鎌ヶ谷,6.27,6.02,,7.93,,6.27,10.04,,,6.0,,,12.0,139.999455,35.78022100000001,70,152
千葉ニュータウン中央,,,,,,,,,,,,,12.0,140.116159,35.800175,66,199
印旛日本医大,,,,,,,,,,,,,12.0,140.203112,35.787512,73,233
成田湯川,,,,,,,,,,,,,12.0,140.291596,35.799115,79,273
北池袋,7.25,8.43,10.33,14.94,8.59,8.69,17.74,,,,,,13.0,139.716749,35.741283,21,40
下板橋,7.72,8.19,9.92,13.0,8.82,9.94,,,,,,,13.0,139.714785,35.745721,22,44
大山,7.0,7.75,8.43,11.41,8.91,9.59,15.2,,,18.43,,,13.0,139.702589,35.748398,24,46
中板橋,7.26,7.47,8.99,10.65,7.41,9.45,12.18,,,,,,13.0,139.694628,35.756214,27,51
ときわ台,7.3,7.44,8.64,11.74,8.72,9.11,,,,,,,13.0,139.68901499999998,35.758771,30,54
上板橋,6.44,7.26,9.58,10.38,8.69,9.12,12.83,,11.55,,,,13.0,139.67641,35.763596,32,57
東武練馬,7.0,7.52,8.55,11.41,,,,,,,,,13.0,139.66196399999998,35.768698,34,64
下赤塚,6.84,7.44,7.58,12.84,8.38,8.66,13.14,,11.2,,,,13.0,139.644482,35.770558,36,69
成増,6.57,6.89,7.92,11.15,7.1,9.37,12.02,,10.99,14.24,,,13.0,139.632708,35.77772299999999,24,74
朝霞,5.88,5.86,5.86,9.37,,7.93,13.74,,,16.97,,,11.0,139.600321,35.796736,32,90
朝霞台,4.67,6.04,,9.5,6.6,7.89,10.35,,,11.03,,,11.0,139.587189,35.814328,31,102
志木,5.05,5.57,8.03,10.25,,,11.82,,,13.1,,,11.0,139.575367,35.822105,33,107
柳瀬川,,4.71,,8.06,,,,,,8.2,,,11.0,139.562071,35.830723,37,111
みずほ台,5.43,5.34,5.56,7.61,,6.98,8.48,,,,,,11.0,139.55078,35.838233,39,121
鶴瀬,4.38,5.34,,8.03,,7.68,,,,9.14,,,11.0,139.539347,35.845776,41,140
ふじみ野,5.44,6.46,6.84,8.62,,7.89,9.64,,,11.59,,,11.0,139.52338899999998,35.860735,39,149
上福岡,3.63,5.07,,,,8.01,10.81,,,,,,11.0,139.511782,35.873855,43,155
新河岸,5.15,4.51,,6.58,,5.25,7.01,,,,,,11.0,139.49725700000002,35.890911,46,163
川越市,5.21,5.29,,8.76,,6.46,8.91,,,,,,11.0,139.476989,35.914146,47,178
東武霞ヶ関,3.88,4.38,5.44,6.35,,,,,,,,,,,,51,188
鶴ヶ島,3.91,4.49,,6.31,,5.37,6.39,,,8.49,,,11.0,139.423825,35.936771,54,204
若葉,,5.07,,,,,9.35,,6.58,9.6,,,11.0,139.408782,35.94891900000001,56,213
坂戸,4.63,4.28,,,,,,,6.46,,,,11.0,139.394032,35.957181,58,217
北坂戸,4.52,4.45,,6.2,,,,,,,,,11.0,139.396932,35.97209799999999,61,227
高坂,3.42,4.18,,,,,,,,,,,11.0,139.397747,36.002572,65,230
東松山,4.53,4.8,,6.71,,,,,,7.1,,,11.0,139.401651,36.034608,68,236
森林公園,,4.66,,,,,,,,,,,11.0,139.374947,36.045239,71,250
つきのわ,,4.96,,,,,,,,,,,11.0,139.345541,36.04352,77,261
武蔵嵐山,4.81,,,,,4.59,,,,,,,11.0,139.32828999999998,36.044001,79,264
東武竹沢,,,,,,,,,,,,,11.0,139.23759099999998,36.0754,94,302
みなみ寄居,,,,,,,,,,,,,11.0,139.2365,36.092417,97,313
男衾,,,,,,,,,,,,,11.0,139.234442,36.107415,99,315
鉢形,,,,,,,,,,,,,11.0,139.208649,36.11378,103,338
玉淀,,,,,,,,,,,,,11.0,139.200052,36.117071,105,339
とうきょうスカイツリー,9.26,9.6,10.23,16.15,9.93,13.76,17.31,,,,,,13.0,139.809332,35.71043,44,58
曳舟,7.43,8.19,9.05,14.33,8.71,9.45,16.73,,,13.7,,,13.0,139.81663400000002,35.718418,41,63
東向島,7.23,7.78,8.61,12.09,,10.13,16.51,,,,,,13.0,139.819306,35.724324,46,65
鐘ヶ淵,6.29,7.27,9.2,9.55,,9.54,,,,,,,13.0,139.820344,35.733712,50,71
堀切,6.5,7.48,,9.67,,,,,,,,,13.0,139.817727,35.742977,48,70
牛田,6.44,7.18,8.06,12.16,,8.43,14.5,,,,,,13.0,139.811816,35.744555,47,68
小菅,5.78,6.13,7.87,10.32,6.69,7.32,,,,13.06,,,13.0,139.812935,35.759039,45,84
五反野,5.86,6.51,7.07,10.94,,7.62,9.95,,9.28,,,,13.0,139.809643,35.765852,47,85
梅島,5.9,6.38,8.03,9.35,,11.76,,,,,,,13.0,139.797916,35.772437,49,81
西新井,6.48,6.43,7.59,10.19,,8.0,11.69,,,17.39,,,13.0,139.790372,35.777323,50,82
竹ノ塚,5.49,6.03,7.14,8.75,,8.05,10.33,,,,,,13.0,139.790788,35.794368,54,86
谷塚,5.55,5.64,5.71,,,,,,,,,,11.0,139.80148300000002,35.814926,58,96
草加,6.07,5.84,7.59,9.43,,7.69,10.1,,,,,,11.0,139.803397,35.828476,55,103
獨協大学前,4.41,5.14,6.81,9.17,,8.59,13.28,,,10.53,,,,,,59,111
新田,,5.13,,7.19,,6.63,8.32,,,,,,11.0,139.795391,35.85408599999999,61,117
蒲生,5.83,5.54,,,,5.63,,,,,,,11.0,139.791686,35.86685100000001,58,126
新越谷,6.24,5.63,,,,,,,,,,,11.0,139.789905,35.875186,52,127
越谷,6.52,6.58,6.37,7.52,7.5,6.5,,,,,,,11.0,139.78621299999998,35.887529,58,132
北越谷,4.97,4.69,,7.46,,,,,,,,,11.0,139.780008,35.901724,62,140
大袋,,5.36,,7.54,,5.76,7.58,,6.7,,,,11.0,139.77786799999998,35.92437,71,147
せんげん台,,5.59,,8.71,6.25,,,,5.99,,,,11.0,139.77447800000002,35.935832,70,152
武里,,4.31,,7.05,,,,,,,,,11.0,139.770675,35.949102,74,159
一ノ割,4.16,4.27,,6.52,,5.18,6.65,,,,,,11.0,139.766219,35.96412,77,166
春日部,5.32,5.62,5.24,7.18,,5.63,,,,,,,11.0,139.752345,35.980095,70,175
北春日部,4.98,4.52,5.58,6.78,,5.77,8.5,,,,,,11.0,139.744012,35.990655,78,183
姫宮,,5.04,,,,,,,,,,,11.0,139.738674,36.004384,80,189
東武動物公園,2.67,3.53,,5.24,,4.62,6.67,,,,,,11.0,139.726901,36.024604,80,200
和戸,,,,,,,,,,,,,11.0,139.701156,36.039562,79,203
鷲宮,,4.58,,5.95,,4.82,,,,,,,11.0,139.656945,36.09626,75,228
花崎,,4.33,,5.85,,,,,,,,,11.0,139.633522,36.109891,78,227
加須,,4.3,,,,,6.59,,,,,,11.0,139.595584,36.122992,82,241
南羽生,,3.79,,,,5.45,,,,,,,11.0,139.55696,36.14959,86,254
羽生,,5.22,,5.81,,,,,,,,,11.0,139.533949,36.17034500000001,90,270
大師前,6.28,6.47,6.74,9.9,5.97,7.22,8.86,,,,,,13.0,139.781647,35.778989,54,76
小村井,7.07,7.63,8.39,12.36,7.32,11.66,16.13,,,,,,13.0,139.827595,35.710316,43,62
東あずま,6.21,7.26,7.64,11.02,6.9,10.29,,,,15.23,,,13.0,139.831883,35.70706699999999,42,63
亀戸水神,6.8,7.96,9.37,12.73,7.44,9.2,16.5,,,,,,13.0,139.83342199999998,35.699976,40,59
北品川,9.19,9.75,,17.36,,,31.23,,,32.1,,,13.0,139.739191,35.622458,18,25
新馬場,7.74,8.98,10.95,16.18,,,21.39,,,24.82,,,13.0,139.741366,35.61762,19,26
青物横丁,8.19,9.43,11.01,16.2,,12.77,20.94,,,,,,13.0,139.74295800000002,35.60935100000001,21,29
鮫洲,8.42,10.08,13.67,15.82,,12.85,20.59,,,,,,13.0,139.742227,35.60497700000001,22,31
立会川,8.08,9.01,10.97,15.33,,14.55,17.64,,,,,,13.0,139.738886,35.598489,26,34
大森海岸,8.09,8.65,9.28,14.62,10.43,12.83,16.28,,,,,,13.0,139.73543999999998,35.587576,28,40
平和島,6.79,7.41,8.87,12.14,10.08,11.17,14.71,,,20.82,,,13.0,139.73491,35.57868,24,45
大森町,6.98,8.1,9.35,12.08,10.25,10.24,14.56,,,,,,13.0,139.732027,35.572431,30,47
梅屋敷,7.09,7.97,10.55,12.14,,12.84,14.09,,14.13,,,,13.0,139.728266,35.566873,31,48
京急蒲田,7.86,8.24,10.27,13.12,9.46,14.19,15.56,,14.12,19.13,,,13.0,139.723681,35.560796,28,50
雑色,6.8,7.75,8.55,11.68,,,,,,,,,13.0,139.715005,35.549725,34,56
六郷土手,6.42,7.73,8.23,11.26,,,,,,,,,13.0,139.7076,35.540577,36,58
京急川崎,6.91,7.54,9.96,12.7,,,,,,,,,14.0,139.70089299999998,35.53285,32,60
鶴見市場,5.87,6.95,,10.77,,8.57,12.23,,,,,,14.0,139.68642,35.517594,39,71
京急鶴見,6.25,7.48,8.79,10.35,7.38,9.63,13.98,,10.94,17.11,,,14.0,139.677743,35.507032,38,77
花月総持寺,5.47,6.69,8.04,10.88,7.96,,10.87,,,,,,14.0,139.672813,35.500358,42,78
生麦,5.79,6.72,7.43,9.9,7.86,,,,11.11,,,,14.0,139.6673,35.4956,44,83
京急新子安,4.82,6.89,,10.48,,,16.43,,,,,,14.0,139.655848,35.48724199999999,42,88
子安,5.67,6.76,8.24,,7.67,9.66,,,,,,,14.0,139.64496499999998,35.484556,44,94
神奈川新町,5.7,7.32,,10.1,,,,,,,,,14.0,139.640152,35.48155900000001,39,96
京急東神奈川,7.51,8.32,10.81,,,,13.85,,,,,,14.0,139.634669,35.477412,38,99
神奈川,7.23,7.99,11.29,14.48,,9.0,22.2,,,26.14,,,14.0,139.627364,35.471304,39,103
戸部,5.93,6.93,8.84,11.13,,,12.3,,,21.65,,,14.0,139.61956,35.456631,39,111
日ノ出町,6.23,8.07,9.66,10.69,,8.92,,,,,,,14.0,139.626696,35.445524,41,118
黄金町,6.2,6.87,8.14,,9.03,9.1,12.97,,,12.17,,,14.0,139.62246000000002,35.439694,43,120
南太田,5.32,6.52,7.31,8.7,7.26,,,,,,,,14.0,139.61340800000002,35.436923,45,123
井土ヶ谷,5.56,6.66,,9.86,,,11.07,,,,,,14.0,139.60061000000002,35.433895,47,128
弘明寺,4.9,5.85,6.33,9.77,,,,,,,,,14.0,139.596791,35.42437,49,133
上大岡,5.8,6.35,6.56,9.43,8.13,8.18,,,,,,,14.0,139.596552,35.409418,51,138
屏風浦,5.13,5.53,,,6.72,,,,,,,,14.0,139.610387,35.394176,53,151
杉田,5.86,6.26,,9.42,,7.9,,,,,,,14.0,139.615734,35.38379600000001,51,151
京急富岡,5.34,5.55,,,,,,,,,,,14.0,139.629772,35.366743,57,160
能見台,4.49,5.14,,,,,,,,,,,14.0,139.629233,35.360528,55,163
金沢文庫,5.58,6.01,,,,,,,,,,,14.0,139.621606,35.342966,55,174
金沢八景,6.0,5.96,,,,,,,,,,,14.0,139.62018,35.331223,57,179
追浜,5.05,5.68,,,,,,,,,,,14.0,139.624905,35.315461,59,189
京急田浦,4.84,4.71,,,,6.23,,,,,,,14.0,139.625252,35.300892,65,193
安針塚,4.65,4.9,,,,,,,,,,,14.0,139.64292,35.286641,68,204
逸見,,,,,,,,,,,,,14.0,139.65314899999998,35.28048,70,207
汐入,4.75,5.09,,,,,,,,,,,14.0,139.662443,35.280241,65,210
横須賀中央,5.46,6.37,,,,,,,,,,,14.0,139.67021699999998,35.27858,67,213
県立大学,5.96,5.78,,,,,,,,,,,14.0,139.677033,35.269731,75,219
堀ノ内,5.2,5.54,,,,,,,,,,,14.0,139.686932,35.26322000000001,70,225
京急大津,5.51,7.06,,,,,,,,,,,14.0,139.695334,35.261068,72,228
馬堀海岸,,4.43,,,,,,,,,,,14.0,139.707328,35.259651,73,232
浦賀,3.48,4.18,,,,,,,,,,,14.0,139.714999,35.250933,76,236
糀谷,7.5,8.05,8.53,12.65,,11.58,16.56,,,,,,13.0,139.72961999999998,35.5545,32,58
大鳥居,7.6,7.79,8.19,12.46,10.07,12.77,16.59,,,,,,13.0,139.73935600000002,35.552531,34,55
穴守稲荷,6.82,7.6,,12.69,8.43,11.28,17.6,,,,,,13.0,139.746669,35.550326,35,58
天空橋,6.77,7.76,,10.55,8.64,,,,,,,,13.0,139.75423,35.54890800000001,37,62
羽田空港第３ターミナル,,,,,,,,,,,,,,,,37,68
羽田空港第１・第２ターミナル,,,,,,,,,,,,,,,,41,103
南新宿,11.35,11.28,,21.74,,,32.79,,,,,,13.0,139.69867,35.683483,14,13
参宮橋,8.77,9.93,12.45,20.51,,18.06,42.47,,,,,,13.0,139.693568,35.678586,17,10
代々木八幡,10.65,9.41,10.61,20.67,,,29.57,,,46.13,,,13.0,139.688913,35.66971500000001,15,7
東北沢,8.23,8.75,12.31,15.58,,13.41,19.57,,,38.63,,,13.0,139.673014,35.66537899999999,14,11
世田谷代田,9.09,8.55,,15.72,9.57,,,,,,,,13.0,139.66155700000002,35.65834,14,21
梅ヶ丘,7.16,7.43,7.91,13.16,,10.81,,,,,,,13.0,139.653628,35.656024,16,21
豪徳寺,7.02,7.52,9.2,17.58,9.85,10.97,20.15,,,,,,13.0,139.647381,35.653807,17,25
経堂,7.51,8.19,11.0,15.27,,13.39,,,,22.88,,,13.0,139.63599299999998,35.650991,16,30
千歳船橋,7.08,7.38,9.93,13.0,12.0,,19.49,,,25.75,,,13.0,139.624544,35.647616,19,34
祖師ヶ谷大蔵,7.31,7.37,9.99,13.57,,12.22,18.56,,,23.68,,,13.0,139.60965900000002,35.643236,22,39
成城学園前,7.51,7.04,10.31,15.35,,12.64,24.99,,,23.25,,,13.0,139.598958,35.64011400000001,20,43
喜多見,5.5,6.58,,10.08,,9.34,13.51,,,,,,13.0,139.587445,35.636697,24,45
狛江,5.55,6.12,7.28,9.94,,8.66,,,,15.73,,,13.0,139.577127,35.632001,26,49
和泉多摩川,6.74,5.97,7.64,9.58,,8.23,,,,,,,13.0,139.573695,35.627349,28,49
向ヶ丘遊園,5.64,6.36,7.72,14.6,12.67,9.28,11.97,,,,,,14.0,139.564719,35.617273,27,56
生田,5.34,5.79,,,5.58,6.46,,,,,,,14.0,139.542024,35.614954,26,63
読売ランド前,4.57,5.13,,9.13,,6.25,,,,,,,14.0,139.527903,35.614723,28,70
百合ヶ丘,5.04,5.46,6.87,9.15,,8.94,11.85,,8.68,,,,14.0,139.516121,35.60903,30,75
新百合ヶ丘,5.92,6.43,,10.99,,9.05,,,,,,,14.0,139.507608,35.603705,32,78
柿生,5.06,5.32,,8.78,,7.56,12.44,,7.57,,,,14.0,139.497614,35.589597,33,91
鶴川,4.88,5.01,,8.71,,8.27,,,,,,,13.0,139.481759,35.583077,35,99
玉川学園前,4.79,5.52,,7.74,,,,,,,,,13.0,139.46338799999998,35.563486,38,115
相模大野,6.03,5.52,,9.47,7.1,7.98,10.55,,9.29,15.63,,,14.0,139.437836,35.53220800000001,44,137
小田急相模原,4.31,5.05,,8.66,,6.78,9.5,,8.01,9.33,,,14.0,139.422571,35.515134,47,147
相武台前,5.22,5.16,,8.0,,6.97,7.56,,7.17,15.13,,,14.0,139.408509,35.499294,50,175
座間,4.54,4.85,6.3,,,5.24,,,,,,,14.0,139.399899,35.480913,56,158
海老名,5.6,6.82,7.56,10.07,,9.01,7.29,,,16.76,,,14.0,139.389328,35.454282,49,160
厚木,4.77,5.24,6.06,7.8,,6.39,,,7.54,,,,14.0,139.378631,35.44375,53,168
本厚木,6.23,6.17,,9.03,,,9.58,,7.77,11.11,,,14.0,139.364261,35.439338,52,175
愛甲石田,5.21,5.73,,8.04,,6.1,8.24,,6.88,6.92,,,14.0,139.344098,35.417634,55,195
伊勢原,5.15,4.78,5.81,,,,8.08,,6.97,,,,14.0,139.31376799999998,35.396081,59,215
鶴巻温泉,3.66,4.75,5.1,7.09,,5.6,7.25,,,,,,14.0,139.27781299999998,35.381131,63,225
東海大学前,4.62,4.6,4.81,6.66,,5.85,,,6.66,,,,14.0,139.27123600000002,35.373151,65,231
秦野,5.19,4.75,5.87,6.95,,5.77,8.11,,,,,,14.0,139.226009,35.370075,70,253
渋沢,,5.24,5.31,6.68,,,,,5.27,,,,14.0,139.184405,35.374032,79,273
新松田,,4.13,,,,,,,5.7,,,,14.0,139.139848,35.345082,85,293
開成,,4.36,,,,5.08,6.2,,,,,,14.0,139.135785,35.326532,88,303
栢山,,4.76,,6.16,,4.84,6.41,,,,,,14.0,139.14258,35.310679,93,311
富水,4.1,4.37,,,,4.78,6.51,,5.4,7.54,,,14.0,139.145166,35.296759,95,308
螢田,,5.05,5.08,5.81,,5.04,5.83,,5.7,,,,14.0,139.152036,35.285055,96,307
足柄,,4.33,,6.06,,5.45,5.78,,5.62,,,,14.0,139.15447,35.271763,99,302
五月台,,4.16,,8.72,,8.08,,,8.2,,,,14.0,139.493542,35.600174,39,85
栗平,,4.95,,,,,,,,,,,14.0,139.481298,35.605731,34,92
黒川,,4.49,,6.9,,,10.85,,7.85,8.77,,,14.0,139.470731,35.61320300000001,43,100
はるひ野,,6.15,,10.04,,,,,,,,,14.0,139.464534,35.618885,44,103
小田急永山,4.51,4.07,,,,6.78,11.18,,8.46,9.42,,,13.0,139.44794299999998,35.62997199999999,41,109
小田急多摩センター,5.35,5.45,,,,,9.3,,,14.67,,,13.0,139.424298,35.624902,44,117
唐木田,4.63,4.76,,,5.2,,,,,,,,13.0,139.411622,35.61667199999999,48,124
多摩センター,,4.84,,,,,,,,,,,13.0,139.422782,35.623724,44,118
松が谷,,4.17,,,,,,,,,,,13.0,139.422201,35.63169,46,121
大塚・帝京大学,5.61,5.23,,,,,9.06,,,,,,13.0,139.416461,35.636878,54,117
中央大学・明星大学,5.83,5.5,,,,,,,8.7,,,,13.0,139.408672,35.64197,50,124
程久保,3.8,4.37,5.85,8.52,,5.53,6.2,,7.3,,,,13.0,139.410698,35.655093,58,117
万願寺,5.89,4.94,,8.13,,7.68,9.97,,,9.27,,,13.0,139.42007900000002,35.671249,55,114
甲州街道,6.09,5.35,6.6,8.41,,8.08,10.67,,,,,,13.0,139.409191,35.678262,57,110
柴崎体育館,5.62,6.72,5.61,10.98,9.03,8.01,,,,,,,13.0,139.409191,35.689475,60,112
立川南,5.32,6.74,,12.5,7.33,8.84,12.48,,,19.58,,,13.0,139.412546,35.696077,51,113
立川北,5.4,7.08,,12.63,,7.84,,,,,,,13.0,139.41253999999998,35.699502,51,116
高松,4.44,5.73,,11.08,,7.52,,,,,,,13.0,139.413242,35.710158,56,120
立飛,4.28,4.11,,,,,,,,,,,13.0,139.41738700000002,35.714717,58,122
泉体育館,4.32,4.88,,8.76,,7.41,,,,,,,13.0,139.419525,35.718775,59,120
砂川七番,4.47,4.39,,8.28,,6.96,9.48,,,8.24,,,13.0,139.418097,35.72331900000001,61,119
桜街道,,5.39,,,,6.88,7.97,,,,,,13.0,139.416653,35.73900000000001,64,119
上北台,5.08,5.31,,7.64,,7.19,7.8,,6.9,,,,13.0,139.415822,35.745824,66,122
新柴又,5.33,6.27,,9.7,6.23,7.39,12.08,,10.07,13.64,,,13.0,139.879376,35.75101,61,97
矢切,5.29,5.22,5.8,,,,8.4,,7.27,,,,12.0,139.899742,35.757503,60,106
北国分,6.82,5.93,,,,,,,,,,,12.0,139.914252,35.762916,56,112
秋山,,5.1,,6.93,,,9.0,,,,,,12.0,139.930723,35.765299,66,119
松飛台,,4.64,,8.01,,,7.16,,,,,,12.0,139.957739,35.775377,66,131
大町,,,,,,,,,,,,,12.0,139.973567,35.775103,68,137
西白井,,5.39,,,,,7.9,,,,,,12.0,140.031545,35.78436400000001,64,164
白井,,,,,,,,,,,,,12.0,140.0541,35.784723,67,170
小室,,,,,,,,,,,,,12.0,140.076073,35.787004,69,181
印西牧の原,,,,,,,,,,,,,12.0,140.166911,35.80360800000001,77,221
東雲,14.46,9.15,,16.46,,,16.72,,,,,,13.0,139.804395,35.640987,25,63
国際展示場,,,,,,,,,,27.6,,,13.0,139.791617,35.63440999999999,23,57
東京テレポート,,,,16.98,,,28.7,,,,,,13.0,139.778896,35.62753,20,63
天王洲アイル,9.11,9.54,,18.07,,,26.89,,,,,,13.0,139.750675,35.622908,16,32
品川シーサイド,9.54,11.09,12.35,17.82,,,22.13,,,26.36,,,13.0,139.749549,35.608524,14,33
大井競馬場前,,7.53,,,,,,,,,,,13.0,139.74708,35.595006,31,41
流通センター,,,,,,,,,,,,,13.0,139.748964,35.58186,33,46
昭和島,,6.99,,11.67,,,,,,,,,13.0,139.74991799999998,35.570656,35,51
整備場,,,,,,,,,,,,,13.0,139.753366,35.555125,39,62
新整備場,,,,,,,,,,,,,13.0,139.786777,35.542773,43,97
羽田空港第１ターミナル,,,,,,,,,,,,,,,,40,103
羽田空港第２ターミナル,,,,,,,,,,,,,,,,43,105
竹芝,,13.5,,24.19,,,,,,,,,13.0,139.76203700000002,35.654099,27,29
日の出,12.1,10.93,,20.9,,,21.95,,,,,,13.0,139.75906,35.649136,29,27
芝浦ふ頭,10.67,10.55,,18.78,,,21.23,,,53.17,,,13.0,139.757852,35.641773,31,29
お台場海浜公園,,,,16.94,,,24.03,,,,,,13.0,139.778607,35.629813,21,64
台場,,,,,,,,,,,,,13.0,139.771435,35.625908,24,68
東京国際クルーズターミナル,,,,,,,,,,,,,13.0,139.773157,35.621462,25,68
テレコムセンター,,,,,,,,,,,,,13.0,139.779327,35.617593,30,68
青海,,,,,,,,,,,,,13.0,139.781132,35.62467,30,63
東京ビッグサイト,,,,,,,,,,,,,13.0,139.791228,35.630158,28,59
有明,,,,,,,,,,,,,13.0,139.79326899999998,35.634596,24,57
有明テニスの森,,,,17.1,,,,,,27.0,,,13.0,139.78888,35.639964,29,53
市場前,,,,,,,,,,,,,13.0,139.78564,35.645684,31,51
新豊洲,,11.33,15.59,17.96,,,24.48,,,,,,13.0,139.789996,35.648718,35,53
川口元郷,5.49,6.46,7.51,9.13,6.14,8.33,,,,,,,11.0,139.730043,35.800187,29,73
南鳩ヶ谷,6.28,5.84,,8.01,,6.96,9.51,,,,,,11.0,139.736059,35.816839,31,86
鳩ヶ谷,6.04,5.95,5.53,7.47,6.9,,,,,,,,11.0,139.735967,35.83085900000001,34,97
新井宿,,5.19,,,,,,,,,,,11.0,139.737908,35.842974,36,103
戸塚安行,5.87,6.1,6.7,7.47,,6.4,,,7.2,8.2,,,11.0,139.75368899999998,35.858873,39,114
浦和美園,,6.32,,9.49,,,14.04,,,,,,11.0,139.72779,35.89367700000001,52,126
青井,5.4,6.27,6.56,9.76,6.42,7.11,14.14,,8.2,,,,13.0,139.82038,35.771782,46,92
六町,5.72,6.98,7.3,11.31,,8.63,11.66,,,15.7,,,13.0,139.82181599999998,35.784963,48,95
八潮,6.17,7.0,7.66,8.53,7.86,,10.96,,,,,,11.0,139.84501699999998,35.807905,52,108
三郷中央,6.57,6.72,7.32,8.75,,,,,,,,,11.0,139.878344,35.824514,55,123
流山セントラルパーク,7.63,6.67,,8.23,,,,,,14.95,,,12.0,139.915223,35.85455200000001,61,146
流山おおたかの森,8.01,7.94,,11.06,,,13.65,,,16.36,,,12.0,139.925898,35.872051,63,152
柏の葉キャンパス,8.29,8.07,9.36,11.14,,,20.57,,,22.07,,,12.0,139.95245400000002,35.89308,66,171
柏たなか,7.7,7.12,,9.2,,,12.66,,,,,,12.0,139.957533,35.9109,69,184
